--------- beginning of system
--------- beginning of main
09-08 15:33:44.953  2652 23809 I WiVRn   : [2026-09-08 15:33:44.953] [WiVRn] [info] Received event type Unknown
09-08 15:33:44.958  2652 23981 I WiVRn   : [2026-09-08 15:33:44.958] [WiVRn] [info] setup, refresh rate 90
09-08 15:33:44.958  2652 23981 I WiVRn   : [2026-09-08 15:33:44.958] [WiVRn] [info] set refresh rate to 90Hz
09-08 15:33:44.959  2652 23981 I WiVRn   : [2026-09-08 15:33:44.959] [WiVRn] [info] Creating decoders, size 2176x2176
09-08 15:33:44.959  2652 23981 I WiVRn   : [2026-09-08 15:33:44.959] [WiVRn] [info] edge bleed: server overscan 5.0%, client ring 0.0% (fade)
09-08 15:33:44.959  2652 23981 I WiVRn   : [2026-09-08 15:33:44.959] [WiVRn] [info]   stream 0: role 0, 2176x2176
09-08 15:33:44.959  2652 23981 I WiVRn   : [2026-09-08 15:33:44.959] [WiVRn] [info] nxwarp: decoupled display on
09-08 15:33:44.959  2652 23981 I WiVRn   : [2026-09-08 15:33:44.959] [WiVRn] [info] nxwarp: ycbcr chroma filter linear
09-08 15:33:44.959  2652 23981 I WiVRn   : [2026-09-08 15:33:44.959] [WiVRn] [info] nxwarp[0]: decoupled display -- frames are published complete and the reprojection pass waits on nothing
09-08 15:33:44.959  2652 23981 I WiVRn   : [2026-09-08 15:33:44.959] [WiVRn] [info]   stream 2: role 1, 2176x1088
09-08 15:33:44.959  2652 23981 I WiVRn   : [2026-09-08 15:33:44.959] [WiVRn] [info] nxwarp: decoupled display on
09-08 15:33:44.959  2652 23981 I WiVRn   : [2026-09-08 15:33:44.959] [WiVRn] [info] nxwarp: ycbcr chroma filter linear
09-08 15:33:44.959  2652 23981 I WiVRn   : [2026-09-08 15:33:44.959] [WiVRn] [info] nxwarp[2]: decoupled display -- frames are published complete and the reprojection pass waits on nothing
09-08 15:33:44.960  2652 23985 I WiVRn   : [2026-09-08 15:33:44.960] [WiVRn] [info] Adding hand_interaction poses to device list
09-08 15:33:44.960  2652 23985 I WiVRn   : [2026-09-08 15:33:44.960] [WiVRn] [info] interaction profile for /user/hand/left: /interaction_profiles/ext/hand_interaction_ext
09-08 15:33:44.960  2652 23985 I WiVRn   : [2026-09-08 15:33:44.960] [WiVRn] [info] interaction profile for /user/hand/right: /interaction_profiles/ext/hand_interaction_ext
09-08 15:33:44.960  2652 23985 I WiVRn   : [2026-09-08 15:33:44.960] [WiVRn] [info] interaction profile for /user/gamepad: XR_NULL_PATH
09-08 15:33:44.960  2652 23985 W WiVRn   : [2026-09-08 15:33:44.960] [WiVRn] [warning] unknown interaction profile XR_NULL_PATH
09-08 15:33:44.961  2652 23985 I WiVRn   : [2026-09-08 15:33:44.961] [WiVRn] [info] Tracking pattern (5000µs):
09-08 15:33:44.961  2652 23985 I WiVRn   : [2026-09-08 15:33:44.961] [WiVRn] [info] 	t+5000µs HEAD (0µs)
09-08 15:33:44.968  2652 23981 I WiVRn   : [2026-09-08 15:33:44.968] [WiVRn] [info] Speaker stream started
09-08 15:33:44.968  2652 23981 I WiVRn   : [2026-09-08 15:33:44.968] [WiVRn] [info] setup, refresh rate 90
09-08 15:33:44.968  2652 23981 I WiVRn   : [2026-09-08 15:33:44.968] [WiVRn] [info] set refresh rate to 90Hz
09-08 15:33:48.086  2652 23981 I WiVRn   : [2026-09-08 15:33:48.086] [WiVRn] [info] nxwarp[0]: atlas borrowed-target dirty catchup enabled
09-08 15:33:48.086  2652 23981 I WiVRn   : [2026-09-08 15:33:48.086] [WiVRn] [info] nxwarp[0]: direct atlas targets true
09-08 15:33:48.086  2652 23981 I WiVRn   : [2026-09-08 15:33:48.086] [WiVRn] [info] nxwarp[0]: real R8 atlas display with per-frame GPU snapshots
09-08 15:33:48.086  2652 23981 I WiVRn   : [2026-09-08 15:33:48.086] [WiVRn] [info] nxwarp[0]: 2176x2176 per eye, 2 eyes, on Adreno (TM) 650, 68 x 34 tiles, 1166 bytes per tile
09-08 15:33:48.089  2652 23981 I WiVRn   : [2026-09-08 15:33:48.089] [WiVRn] [info] nxwarp[0] net: 1 frames closed in 3.1 s, 0 with a hole, 0 out-of-order datagrams, 0 frames completed late, 0 queued for the worker, 0 decoded so far, 0 stragglers dropped; last hole 0/0 chunks, first missing -1, short false, chunk 1166 B
09-08 15:33:48.089  2652 23981 I WiVRn   : [2026-09-08 15:33:48.089] [WiVRn] [info] nxwarp[0] net: 0.021 ms per datagram over 74 datagrams (0.49 ms of every second)
09-08 15:33:48.089  2652 23981 I WiVRn   : [2026-09-08 15:33:48.089] [WiVRn] [info] nxwarp[0] sel: stride 1, arrival 0.0 ms, dropped-late 0, withheld 0, decoded 0
09-08 15:33:48.089  2652 23981 I WiVRn   : [2026-09-08 15:33:48.089] [WiVRn] [info] nxwarp[0] rx: 75 datagrams, placed 2312 (+2312), late 0 (+0), stale_frame 0, bad_range 0, bad_dir 0, bad_caps 0, bad_ver 0, auth_fail 0, replay 0, frozen 0, dup 0
09-08 15:33:48.099  2652 23985 I WiVRn   : [2026-09-08 15:33:48.099] [WiVRn] [info] Tracking pattern (5000µs):
09-08 15:33:48.099  2652 23985 I WiVRn   : [2026-09-08 15:33:48.099] [WiVRn] [info] 	t+1715µs LEFT_GRIP (3284µs)
09-08 15:33:48.099  2652 23985 I WiVRn   : [2026-09-08 15:33:48.099] [WiVRn] [info] 	t+1743µs RIGHT_GRIP (3256µs)
09-08 15:33:48.099  2652 23985 I WiVRn   : [2026-09-08 15:33:48.099] [WiVRn] [info] 	t+2000µs HEAD (3000µs)
09-08 15:33:48.099  2652 23985 I WiVRn   : [2026-09-08 15:33:48.099] [WiVRn] [info] 	t+3715µs LEFT_GRIP (6284µs)
09-08 15:33:48.099  2652 23985 I WiVRn   : [2026-09-08 15:33:48.099] [WiVRn] [info] 	t+3743µs RIGHT_GRIP (6256µs)
09-08 15:33:48.099  2652 23985 I WiVRn   : [2026-09-08 15:33:48.099] [WiVRn] [info] 	t+4000µs HEAD (6000µs)
09-08 15:33:48.099  2652 23985 I WiVRn   : [2026-09-08 15:33:48.099] [WiVRn] [info] 	t+5000µs HEAD (0µs)
09-08 15:33:48.421  2652 23814 I WiVRn   : [2026-09-08 15:33:48.421] [WiVRn] [info] Sending query for _wivrn._tcp.local., type PTR
09-08 15:33:48.961  2652 23985 I WiVRn   : [2026-09-08 15:33:48.961] [WiVRn] [info] Tracking pattern (5000µs):
09-08 15:33:48.961  2652 23985 I WiVRn   : [2026-09-08 15:33:48.961] [WiVRn] [info] 	t+965µs HEAD (4034µs)
09-08 15:33:48.961  2652 23985 I WiVRn   : [2026-09-08 15:33:48.961] [WiVRn] [info] 	t+990µs LEFT_GRIP (4009µs)
09-08 15:33:48.961  2652 23985 I WiVRn   : [2026-09-08 15:33:48.961] [WiVRn] [info] 	t+998µs RIGHT_GRIP (4001µs)
09-08 15:33:48.961  2652 23985 I WiVRn   : [2026-09-08 15:33:48.961] [WiVRn] [info] 	t+2965µs HEAD (7034µs)
09-08 15:33:48.961  2652 23985 I WiVRn   : [2026-09-08 15:33:48.961] [WiVRn] [info] 	t+2990µs LEFT_GRIP (7009µs)
09-08 15:33:48.961  2652 23985 I WiVRn   : [2026-09-08 15:33:48.961] [WiVRn] [info] 	t+2998µs RIGHT_GRIP (7001µs)
09-08 15:33:49.141  2652 23983 I WiVRn   : [2026-09-08 15:33:49.141] [WiVRn] [info] Stream scene ready at t=144262510719446
09-08 15:33:49.141  2652 23983 I WiVRn   : [2026-09-08 15:33:49.141] [WiVRn] [info] nxwarp[0]: 1 frames in 4.2 s: 34204 B/frame, wait-prev 0.0 ms, wall 1052.4 ms, nxvc passA 12.1 passB 53.0 gpu 65.0 ms; holes 1, refused 0
09-08 15:33:49.141  2652 23983 I WiVRn   : [2026-09-08 15:33:49.141] [WiVRn] [info] nxwarp[0] gpu duty 16 ms/s (2% of one GPU) for decode alone; the display pass is extra
09-08 15:33:49.141  2652 23983 I WiVRn   : [2026-09-08 15:33:49.141] [WiVRn] [info] nxwarp[0] passB 53.0 ms = warp 0.0 + skip 0.0 + coded 0.0 + dir 0.0 + other 53.0; tiles skip 0 / coded 2312 / dir 0 (eye pass 0)
09-08 15:33:49.141  2652 23983 I WiVRn   : [2026-09-08 15:33:49.141] [WiVRn] [info] nxwarp[0]: 111 frames dropped late (queue kept to 1)
09-08 15:33:49.141  2652 23983 I WiVRn   : [2026-09-08 15:33:49.141] [WiVRn] [info] nxwarp[0] stage: gap 0.0 | wait-prev 0.0 | submit 985.9 (qlock 0.1 + codec 985.8) | get_free 0.0 | fence-pre 0.0 | record 0.2 | qsubmit 0.0 | fence-post 66.3 | publish 0.1 ms; withheld 0, stride 1, arrival 11.0 ms
09-08 15:33:49.141  2652 23983 I WiVRn   : [2026-09-08 15:33:49.141] [WiVRn] [info] nxwarp[0] reassembly (network thread): 0.11 ms/frame over 114 frames, buffer 142 kB held for 142 kB of unit (1.0x)
09-08 15:33:49.141  2652 23983 I WiVRn   : [2026-09-08 15:33:49.141] [WiVRn] [info] nxwarp[0] fence-post 66.3 ms = nxvc gpu 65.0 + copy gpu 1.24 + queue 0.0 (over 1 frames with timestamps)
09-08 15:33:49.141  2652 23983 I WiVRn   : [2026-09-08 15:33:49.141] [WiVRn] [info] nxwarp[0] atlas: frames 1, atlas 1, picture 0, avg dispatches 6.0, avg assembled 0.0, avg valid 2312.0, direct targets 1
09-08 15:33:49.150  2652 23809 I WiVRn   : [2026-09-08 15:33:49.150] [WiVRn] [info] MulticastLock released
09-08 15:33:49.318  2652 23809 I WiVRn   : [2026-09-08 15:33:49.318] [WiVRn] [info] Loaded input profile pico-4
09-08 15:33:49.318  2652 23809 I WiVRn   : [2026-09-08 15:33:49.318] [WiVRn] [info] Initializing offset of space aim_left to (-5, 0, 20) mm, (0, -0, 0)°
09-08 15:33:49.318  2652 23809 I WiVRn   : [2026-09-08 15:33:49.318] [WiVRn] [info] Initializing offset of space aim_right to (5, 0, 20) mm, (0, -0, 0)°
09-08 15:33:49.318  2652 23809 I WiVRn   : [2026-09-08 15:33:49.318] [WiVRn] [info] Initializing offset of space grip_left to (0, -20, -50) mm, (-30.000002, -0, 0)°
09-08 15:33:49.318  2652 23809 I WiVRn   : [2026-09-08 15:33:49.318] [WiVRn] [info] Initializing offset of space grip_right to (0, -20, -50) mm, (-30.000002, -0, 0)°
09-08 15:33:49.409  2652 23809 I WiVRn   : [2026-09-08 15:33:49.409] [WiVRn] [info] Font for de /system/fonts/PICOSans.ttf
09-08 15:33:49.409  2652 23809 I WiVRn   : [2026-09-08 15:33:49.409] [WiVRn] [info] Font for es /system/fonts/PICOSans.ttf
09-08 15:33:49.409  2652 23809 I WiVRn   : [2026-09-08 15:33:49.409] [WiVRn] [info] Font for fr /system/fonts/PICOSans.ttf
09-08 15:33:49.409  2652 23809 I WiVRn   : [2026-09-08 15:33:49.409] [WiVRn] [info] Font for fr /system/fonts/Roboto-Regular.ttf
09-08 15:33:49.409  2652 23809 I WiVRn   : [2026-09-08 15:33:49.409] [WiVRn] [info] Font for it /system/fonts/PICOSans.ttf
09-08 15:33:49.410  2652 23809 I WiVRn   : [2026-09-08 15:33:49.410] [WiVRn] [info] Font for ja /system/fonts/PICOSans.ttf
09-08 15:33:49.410  2652 23809 I WiVRn   : [2026-09-08 15:33:49.410] [WiVRn] [info] Font for ja /system/fonts/PICOSansVFJP.ttf
09-08 15:33:49.410  2652 23809 I WiVRn   : [2026-09-08 15:33:49.410] [WiVRn] [info] Font for ka /system/fonts/PICOSans.ttf
09-08 15:33:49.410  2652 23809 I WiVRn   : [2026-09-08 15:33:49.410] [WiVRn] [info] Font for ka /system/fonts/NotoSansGeorgian-Regular.otf
09-08 15:33:49.410  2652 23809 I WiVRn   : [2026-09-08 15:33:49.410] [WiVRn] [info] Font for ka /system/fonts/PICOSans.ttf
09-08 15:33:49.410  2652 23809 I WiVRn   : [2026-09-08 15:33:49.410] [WiVRn] [info] Font for pl /system/fonts/PICOSans.ttf
09-08 15:33:49.410  2652 23809 I WiVRn   : [2026-09-08 15:33:49.410] [WiVRn] [info] Font for pl /system/fonts/Roboto-Regular.ttf
09-08 15:33:49.410  2652 23809 I WiVRn   : [2026-09-08 15:33:49.410] [WiVRn] [info] Font for pl /system/fonts/PICOSans.ttf
09-08 15:33:49.410  2652 23809 I WiVRn   : [2026-09-08 15:33:49.410] [WiVRn] [info] Font for pl /system/fonts/PICOSansSC-Regular.ttf
09-08 15:33:49.410  2652 23809 I WiVRn   : [2026-09-08 15:33:49.410] [WiVRn] [info] Font for pl /system/fonts/Roboto-Regular.ttf
09-08 15:33:49.410  2652 23809 I WiVRn   : [2026-09-08 15:33:49.410] [WiVRn] [info] Font for pl /system/fonts/PICOSans.ttf
09-08 15:33:49.410  2652 23809 I WiVRn   : [2026-09-08 15:33:49.410] [WiVRn] [info] Font for pt_BR /system/fonts/PICOSans.ttf
09-08 15:33:49.410  2652 23809 I WiVRn   : [2026-09-08 15:33:49.410] [WiVRn] [info] Font for ru /system/fonts/PICOSans.ttf
09-08 15:33:49.410  2652 23809 I WiVRn   : [2026-09-08 15:33:49.410] [WiVRn] [info] Font for ru /system/fonts/PICOSansSC-Regular.ttf
09-08 15:33:49.410  2652 23809 I WiVRn   : [2026-09-08 15:33:49.410] [WiVRn] [info] Font for ru /system/fonts/PICOSans.ttf
09-08 15:33:49.410  2652 23809 I WiVRn   : [2026-09-08 15:33:49.410] [WiVRn] [info] Font for sk /system/fonts/PICOSans.ttf
09-08 15:33:49.410  2652 23809 I WiVRn   : [2026-09-08 15:33:49.410] [WiVRn] [info] Font for sk /system/fonts/Roboto-Regular.ttf
09-08 15:33:49.410  2652 23809 I WiVRn   : [2026-09-08 15:33:49.410] [WiVRn] [info] Font for sk /system/fonts/PICOSansSC-Regular.ttf
09-08 15:33:49.410  2652 23809 I WiVRn   : [2026-09-08 15:33:49.410] [WiVRn] [info] Font for sk /system/fonts/PICOSans.ttf
09-08 15:33:49.410  2652 23809 I WiVRn   : [2026-09-08 15:33:49.410] [WiVRn] [info] Font for sk /system/fonts/Roboto-Regular.ttf
09-08 15:33:49.410  2652 23809 I WiVRn   : [2026-09-08 15:33:49.410] [WiVRn] [info] Font for sk /system/fonts/PICOSans.ttf
09-08 15:33:49.410  2652 23809 I WiVRn   : [2026-09-08 15:33:49.410] [WiVRn] [info] Font for tr /system/fonts/PICOSans.ttf
09-08 15:33:49.410  2652 23809 I WiVRn   : [2026-09-08 15:33:49.410] [WiVRn] [info] Font for tr /system/fonts/Roboto-Regular.ttf
09-08 15:33:49.410  2652 23809 I WiVRn   : [2026-09-08 15:33:49.410] [WiVRn] [info] Font for tr /system/fonts/PICOSans.ttf
09-08 15:33:49.410  2652 23809 I WiVRn   : [2026-09-08 15:33:49.410] [WiVRn] [info] Font for tr /system/fonts/Roboto-Regular.ttf
09-08 15:33:49.410  2652 23809 I WiVRn   : [2026-09-08 15:33:49.410] [WiVRn] [info] Font for tr /system/fonts/PICOSans.ttf
09-08 15:33:49.410  2652 23809 I WiVRn   : [2026-09-08 15:33:49.410] [WiVRn] [info] Font for zh_CN /system/fonts/PICOSans.ttf
09-08 15:33:49.410  2652 23809 I WiVRn   : [2026-09-08 15:33:49.410] [WiVRn] [info] Font for zh_CN /system/fonts/PICOSansSC-Regular.ttf
09-08 15:33:49.411  2652 23809 I WiVRn   : [2026-09-08 15:33:49.411] [WiVRn] [info] Font for zh_TW /system/fonts/PICOSans.ttf
09-08 15:33:49.411  2652 23809 I WiVRn   : [2026-09-08 15:33:49.411] [WiVRn] [info] Font for zh_TW /system/fonts/PICOSansSC-Regular.ttf
09-08 15:33:49.416  2652 23809 I WiVRn   : [2026-09-08 15:33:49.416] [WiVRn] [info] Using font /system/fonts/PICOSans.ttf
09-08 15:33:49.417  2652 23809 I WiVRn   : [2026-09-08 15:33:49.417] [WiVRn] [info] Using font /system/fonts/Roboto-Regular.ttf
09-08 15:33:49.417  2652 23809 I WiVRn   : [2026-09-08 15:33:49.417] [WiVRn] [info] Using font /system/fonts/PICOSansVFJP.ttf
09-08 15:33:49.433  2652 23809 I WiVRn   : [2026-09-08 15:33:49.433] [WiVRn] [info] Using font /system/fonts/NotoSansGeorgian-Regular.otf
09-08 15:33:49.433  2652 23809 I WiVRn   : [2026-09-08 15:33:49.433] [WiVRn] [info] Using font /system/fonts/PICOSansSC-Regular.ttf
09-08 15:33:49.444  2652 23809 I WiVRn   : [2026-09-08 15:33:49.444] [WiVRn] [info] Performance level: CPU domain asked for sustained_high
09-08 15:33:49.444  2652 23809 I WiVRn   : [2026-09-08 15:33:49.444] [WiVRn] [info] nxwarp: GPU performance level setting 2
09-08 15:33:49.444  2652 23809 I WiVRn   : [2026-09-08 15:33:49.444] [WiVRn] [info] Performance level: GPU domain asked for boost
09-08 15:33:49.501  2652 23809 I WiVRn   : [2026-09-08 15:33:49.501] [WiVRn] [info] swapchain setup, refresh rate 90
09-08 15:33:49.502  2652 23809 I WiVRn   : [2026-09-08 15:33:49.502] [WiVRn] [info] set refresh rate to 90Hz
09-08 15:33:49.584  2652 23809 I WiVRn   : [2026-09-08 15:33:49.584] [WiVRn] [info] Created stream swapchain: 2160x2160
09-08 15:33:49.584  2652 23809 I WiVRn   : [2026-09-08 15:33:49.584] [WiVRn] [info] Initializing reprojector
09-08 15:33:49.584  2652 23809 I WiVRn   : [2026-09-08 15:33:49.584] [WiVRn] [info] nxwarp atlas vertex warp enabled
09-08 15:33:49.585  2652 23809 I WiVRn   : [2026-09-08 15:33:49.585] [WiVRn] [info] Atlas mutable swapchain unavailable
09-08 15:33:49.640  2652 23809 I WiVRn   : [2026-09-08 15:33:49.640] [WiVRn] [info] nxwarp atlas vertex grid eye 0: 2160x2160 source, 6936 vertices
09-08 15:33:49.676  2652 23809 I WiVRn   : [2026-09-08 15:33:49.676] [WiVRn] [info] nxwarp atlas vertex grid eye 1: 2160x2160 source, 6936 vertices
09-08 15:33:49.678  2652 23809 I WiVRn   : [2026-09-08 15:33:49.678] [WiVRn] [info] geometry[eye 0]: view_info fov L-53.34 R53.34 U53.34 D-53.34 | layer fov L-53.34 R53.34 U53.34 D-53.34 deg | layer rect 2160x2160 | defoveated 2160x2160 | scale 1.00
09-08 15:33:49.678  2652 23809 I WiVRn   : [2026-09-08 15:33:49.678] [WiVRn] [info] geometry[eye 1]: view_info fov L-53.34 R53.34 U53.34 D-53.34 | layer fov L-53.34 R53.34 U53.34 D-53.34 deg | layer rect 2160x2160 | defoveated 2160x2160 | scale 1.00
09-08 15:33:49.685  2652 23809 I WiVRn   : [2026-09-08 15:33:49.685] [WiVRn] [info] render: 1 iterations in 16.6 s (0.1/s), 1 submitted a layer, 1 new-source, 0 skipped by the repeat gate, 0 with nothing to show; display period 11.1 ms
09-08 15:33:49.685  2652 23809 I WiVRn   : [2026-09-08 15:33:49.685] [WiVRn] [info] render: selected source transitions forward 0 backward 0 repeat 0, greatest forward gap 0
09-08 15:33:49.685  2652 23809 I WiVRn   : [2026-09-08 15:33:49.685] [WiVRn] [info] render: this app's own GPU pass 0.0 ms per iteration
09-08 15:33:49.685  2652 23809 I WiVRn   : [2026-09-08 15:33:49.685] [WiVRn] [info] render: defoveate 2160x2160 per eye x2 = 9.33 Mpx/frame at scale 1.00 atlas-prototype 0; 0 re-presented from the cache (reduce_gpu_load on)
09-08 15:33:49.685  2652 23809 I WiVRn   : [2026-09-08 15:33:49.685] [WiVRn] [info] render: shader path sharpness 0.00 fsr false alpha false motion false blend false glow 0.28 vignette 0.00 deband 1.00 lowpoly 0.00 levels 0 full-kernel false
09-08 15:33:49.685  2652 23809 I WiVRn   : [2026-09-08 15:33:49.685] [WiVRn] [info] render: per iteration fence 0.0 (worst 0.0) | queries 0.0 | submit 0.4 | whole render() 231.7 ms
09-08 15:33:49.685  2652 23809 I WiVRn   : [2026-09-08 15:33:49.685] [WiVRn] [info] render: jit on | wake slack 78.8 ms | slept 0.0 ms mean (max 0.0, 0 of 1 iterations) | budget 1.0 = pass 0.0 + margin 1.0 | sleep cap 45.0 ms
09-08 15:33:49.685  2652 23809 I WiVRn   : [2026-09-08 15:33:49.685] [WiVRn] [info] render: source display-time offset 403.9 ms mean (worst 403.9) over 1 frames | submit lead 0.0 ms mean (worst 0.0) | misses: 0 overrun 0 late 0 skipped refresh
09-08 15:33:49.685  2652 23809 I WiVRn   : [2026-09-08 15:33:49.685] [WiVRn] [info] Received event type XR_TYPE_EVENT_DATA_INTERACTION_PROFILE_CHANGED
09-08 15:33:49.686  2652 23809 I WiVRn   : [2026-09-08 15:33:49.686] [WiVRn] [info] interaction profile for /user/hand/left: /interaction_profiles/ext/hand_interaction_ext
09-08 15:33:49.686  2652 23809 I WiVRn   : [2026-09-08 15:33:49.686] [WiVRn] [info] interaction profile for /user/hand/right: /interaction_profiles/ext/hand_interaction_ext
09-08 15:33:49.686  2652 23809 I WiVRn   : [2026-09-08 15:33:49.686] [WiVRn] [info] interaction profile for /user/gamepad: XR_NULL_PATH
09-08 15:33:49.686  2652 23809 W WiVRn   : [2026-09-08 15:33:49.686] [WiVRn] [warning] unknown interaction profile XR_NULL_PATH
09-08 15:33:49.686  2652 23809 I WiVRn   : [2026-09-08 15:33:49.686] [WiVRn] [info] Received event type XR_TYPE_EVENT_DATA_INTERACTION_PROFILE_CHANGED
09-08 15:33:49.686  2652 23809 I WiVRn   : [2026-09-08 15:33:49.686] [WiVRn] [info] interaction profile for /user/hand/left: /interaction_profiles/ext/hand_interaction_ext
09-08 15:33:49.686  2652 23809 I WiVRn   : [2026-09-08 15:33:49.686] [WiVRn] [info] interaction profile for /user/hand/right: /interaction_profiles/ext/hand_interaction_ext
09-08 15:33:49.686  2652 23809 I WiVRn   : [2026-09-08 15:33:49.686] [WiVRn] [info] interaction profile for /user/gamepad: XR_NULL_PATH
09-08 15:33:49.686  2652 23809 W WiVRn   : [2026-09-08 15:33:49.686] [WiVRn] [warning] unknown interaction profile XR_NULL_PATH
09-08 15:33:49.686  2652 23809 I WiVRn   : [2026-09-08 15:33:49.686] [WiVRn] [info] Received event type XR_TYPE_EVENT_DATA_INTERACTION_PROFILE_CHANGED
09-08 15:33:49.686  2652 23809 I WiVRn   : [2026-09-08 15:33:49.686] [WiVRn] [info] interaction profile for /user/hand/left: /interaction_profiles/ext/hand_interaction_ext
09-08 15:33:49.686  2652 23809 I WiVRn   : [2026-09-08 15:33:49.686] [WiVRn] [info] interaction profile for /user/hand/right: /interaction_profiles/ext/hand_interaction_ext
09-08 15:33:49.686  2652 23809 I WiVRn   : [2026-09-08 15:33:49.686] [WiVRn] [info] interaction profile for /user/gamepad: XR_NULL_PATH
09-08 15:33:49.686  2652 23809 W WiVRn   : [2026-09-08 15:33:49.686] [WiVRn] [warning] unknown interaction profile XR_NULL_PATH
09-08 15:33:49.686  2652 23809 I WiVRn   : [2026-09-08 15:33:49.686] [WiVRn] [info] Session state changed at timestamp 0: XR_SESSION_STATE_FOCUSED => XR_SESSION_STATE_VISIBLE
09-08 15:33:49.686  2652 23809 I WiVRn   : [2026-09-08 15:33:49.686] [WiVRn] [info] Session state changed at timestamp 0: XR_SESSION_STATE_VISIBLE => XR_SESSION_STATE_SYNCHRONIZED
09-08 15:33:49.686  2652 23809 I WiVRn   : [2026-09-08 15:33:49.686] [WiVRn] [info] Session state changed at timestamp 0: XR_SESSION_STATE_SYNCHRONIZED => XR_SESSION_STATE_STOPPING
09-08 15:33:49.688  2652 23809 I WiVRn   : [2026-09-08 15:33:49.688] [WiVRn] [info] Session state changed at timestamp 0: XR_SESSION_STATE_STOPPING => XR_SESSION_STATE_IDLE
09-08 15:33:49.969  2652 23985 I WiVRn   : [2026-09-08 15:33:49.969] [WiVRn] [info] Tracking pattern (11113µs):
09-08 15:33:49.969  2652 23985 I WiVRn   : [2026-09-08 15:33:49.969] [WiVRn] [info] 	t+2490µs HEAD (30849µs)
09-08 15:33:49.969  2652 23985 I WiVRn   : [2026-09-08 15:33:49.969] [WiVRn] [info] 	t+5419µs LEFT_GRIP (39033µs)
09-08 15:33:49.969  2652 23985 I WiVRn   : [2026-09-08 15:33:49.969] [WiVRn] [info] 	t+5430µs RIGHT_GRIP (39022µs)
09-08 15:33:49.969  2652 23985 I WiVRn   : [2026-09-08 15:33:49.969] [WiVRn] [info] 	t+7603µs HEAD (36849µs)
09-08 15:33:49.969  2652 23985 I WiVRn   : [2026-09-08 15:33:49.969] [WiVRn] [info] 	t+8419µs LEFT_GRIP (36033µs)
09-08 15:33:49.969  2652 23985 I WiVRn   : [2026-09-08 15:33:49.969] [WiVRn] [info] 	t+8430µs RIGHT_GRIP (36022µs)
09-08 15:33:49.969  2652 23985 I WiVRn   : [2026-09-08 15:33:49.969] [WiVRn] [info] 	t+10603µs HEAD (33849µs)
09-08 15:33:49.978  2652 23809 I WiVRn   : [2026-09-08 15:33:49.978] [WiVRn] [info] Received event type Unknown
09-08 15:33:50.136  2652 23981 I WiVRn   : [2026-09-08 15:33:50.136] [WiVRn] [info] nxwarp[0] net: 133 frames closed in 2.0 s, 1 with a hole, 0 out-of-order datagrams, 0 frames completed late, 0 queued for the worker, 10 decoded so far, 132 stragglers dropped; last hole 101/327 chunks, first missing 24, short false, chunk 1166 B
09-08 15:33:50.136  2652 23981 I WiVRn   : [2026-09-08 15:33:50.136] [WiVRn] [info] nxwarp[0] net: 0.036 ms per datagram over 23170 datagrams (412.98 ms of every second)
09-08 15:33:50.136  2652 23981 I WiVRn   : [2026-09-08 15:33:50.136] [WiVRn] [info] nxwarp[0] sel: stride 1, arrival 63.4 ms, dropped-late 122, withheld 5, decoded 10
09-08 15:33:50.137  2652 23981 I WiVRn   : [2026-09-08 15:33:50.137] [WiVRn] [info] nxwarp[0] rx: 23245 datagrams, placed 299407 (+297095), late 15125 (+15125), stale_frame 0, bad_range 0, bad_dir 0, bad_caps 0, bad_ver 0, auth_fail 0, replay 0, frozen 0, dup 12
09-08 15:33:50.994  2652 23985 I WiVRn   : [2026-09-08 15:33:50.994] [WiVRn] [info] Tracking pattern (11113µs):
09-08 15:33:50.994  2652 23985 I WiVRn   : [2026-09-08 15:33:50.994] [WiVRn] [info] 	t+6496µs HEAD (26842µs)
09-08 15:33:50.994  2652 23985 I WiVRn   : [2026-09-08 15:33:50.994] [WiVRn] [info] 	t+9496µs HEAD (23842µs)
09-08 15:33:51.149  2652 23983 I WiVRn   : [2026-09-08 15:33:51.149] [WiVRn] [info] nxwarp[0]: 60 frames in 2.0 s: 16978 B/frame, wait-prev 0.0 ms, wall 18.1 ms, nxvc passA 2.9 passB 7.0 gpu 9.9 ms; holes 1, refused 0
09-08 15:33:51.149  2652 23983 I WiVRn   : [2026-09-08 15:33:51.149] [WiVRn] [info] nxwarp[0] gpu duty 297 ms/s (30% of one GPU) for decode alone; the display pass is extra
09-08 15:33:51.149  2652 23983 I WiVRn   : [2026-09-08 15:33:51.149] [WiVRn] [info] nxwarp[0] passB 7.0 ms = warp 0.0 + skip 0.0 + coded 0.9 + dir 0.0 + other 6.1; tiles skip 0 / coded 312 / dir 0 (eye pass 0)
09-08 15:33:51.149  2652 23983 I WiVRn   : [2026-09-08 15:33:51.149] [WiVRn] [info] nxwarp[0]: 122 frames dropped late (queue kept to 1)
09-08 15:33:51.149  2652 23983 I WiVRn   : [2026-09-08 15:33:51.149] [WiVRn] [info] nxwarp[0] stage: gap 15.4 | wait-prev 0.0 | submit 7.8 (qlock 0.0 + codec 7.8) | get_free 0.0 | fence-pre 0.0 | record 0.1 | qsubmit 0.1 | fence-post 10.1 | publish 0.0 ms; withheld 5, stride 1, arrival 11.1 ms
09-08 15:33:51.149  2652 23983 I WiVRn   : [2026-09-08 15:33:51.149] [WiVRn] [info] nxwarp[0] reassembly (network thread): 0.07 ms/frame over 70 frames, buffer 26 kB held for 26 kB of unit (1.0x)
09-08 15:33:51.149  2652 23983 I WiVRn   : [2026-09-08 15:33:51.149] [WiVRn] [info] nxwarp[0] fence-post 10.1 ms = nxvc gpu 9.9 + copy gpu 0.14 + queue 0.0 (over 60 frames with timestamps)
09-08 15:33:51.149  2652 23983 I WiVRn   : [2026-09-08 15:33:51.149] [WiVRn] [info] nxwarp[0]: 1 of 60 frames measured a stall not attributable to decoding (worst wall 399.3 ms); clipped out of the reported decode cost and out of the stride
09-08 15:33:51.149  2652 23983 I WiVRn   : [2026-09-08 15:33:51.149] [WiVRn] [info] nxwarp[0] atlas: frames 60, atlas 60, picture 0, avg dispatches 6.9, avg assembled 0.0, avg valid 2312.0, direct targets 60
09-08 15:33:51.967  2652 23985 I WiVRn   : [2026-09-08 15:33:51.967] [WiVRn] [info] Tracking pattern (11113µs):
09-08 15:33:51.967  2652 23985 I WiVRn   : [2026-09-08 15:33:51.967] [WiVRn] [info] 	t+1876µs HEAD (20349µs)
09-08 15:33:51.967  2652 23985 I WiVRn   : [2026-09-08 15:33:51.967] [WiVRn] [info] 	t+9990µs HEAD (23349µs)
09-08 15:33:52.137  2652 23981 I WiVRn   : [2026-09-08 15:33:52.137] [WiVRn] [info] nxwarp[0] net: 139 frames closed in 2.0 s, 0 with a hole, 0 out-of-order datagrams, 0 frames completed late, 0 queued for the worker, 149 decoded so far, 271 stragglers dropped; last hole 101/327 chunks, first missing 24, short false, chunk 1166 B
09-08 15:33:52.137  2652 23981 I WiVRn   : [2026-09-08 15:33:52.137] [WiVRn] [info] nxwarp[0] net: 0.102 ms per datagram over 2451 datagrams (124.85 ms of every second)
09-08 15:33:52.137  2652 23981 I WiVRn   : [2026-09-08 15:33:52.137] [WiVRn] [info] nxwarp[0] sel: stride 1, arrival 11.4 ms, dropped-late 122, withheld 5, decoded 149
09-08 15:33:52.137  2652 23981 I WiVRn   : [2026-09-08 15:33:52.137] [WiVRn] [info] nxwarp[0] rx: 25696 datagrams, placed 301206 (+1799), late 15126 (+1), stale_frame 0, bad_range 0, bad_dir 0, bad_caps 0, bad_ver 0, auth_fail 0, replay 0, frozen 0, dup 12
09-08 15:33:52.261  2652 23809 I WiVRn   : [2026-09-08 15:33:52.261] [WiVRn] [info] Session state changed at timestamp 0: XR_SESSION_STATE_IDLE => XR_SESSION_STATE_READY
09-08 15:33:52.266  2652 23809 I WiVRn   : [2026-09-08 15:33:52.266] [WiVRn] [info] Received event type XR_TYPE_EVENT_DATA_USER_PRESENCE_CHANGED_EXT
09-08 15:33:52.273  2652 23809 I WiVRn   : [2026-09-08 15:33:52.273] [WiVRn] [info] Session state changed at timestamp 0: XR_SESSION_STATE_READY => XR_SESSION_STATE_SYNCHRONIZED
09-08 15:33:52.273  2652 23809 I WiVRn   : [2026-09-08 15:33:52.273] [WiVRn] [info] Session state changed at timestamp 0: XR_SESSION_STATE_SYNCHRONIZED => XR_SESSION_STATE_VISIBLE
09-08 15:33:52.274  2652 23809 I WiVRn   : [2026-09-08 15:33:52.274] [WiVRn] [info] Session state changed at timestamp 0: XR_SESSION_STATE_VISIBLE => XR_SESSION_STATE_FOCUSED
09-08 15:33:52.299  2652 23985 I WiVRn   : [2026-09-08 15:33:52.299] [WiVRn] [info] Tracking pattern (11097µs):
09-08 15:33:52.299  2652 23985 I WiVRn   : [2026-09-08 15:33:52.299] [WiVRn] [info] 	t+1844µs HEAD (20349µs)
09-08 15:33:52.299  2652 23985 I WiVRn   : [2026-09-08 15:33:52.299] [WiVRn] [info] 	t+8770µs LEFT_GRIP (2326µs)
09-08 15:33:52.299  2652 23985 I WiVRn   : [2026-09-08 15:33:52.299] [WiVRn] [info] 	t+9942µs HEAD (23349µs)
09-08 15:33:52.366  2652 23809 I WiVRn   : [2026-09-08 15:33:52.366] [WiVRn] [info] render: 2 iterations in 2.9 s (0.7/s), 1 submitted a layer, 1 new-source, 0 skipped by the repeat gate, 1 with nothing to show; display period 27.7 ms
09-08 15:33:52.366  2652 23809 I WiVRn   : [2026-09-08 15:33:52.366] [WiVRn] [info] render: selected source transitions forward 1 backward 0 repeat 0, greatest forward gap 173
09-08 15:33:52.366  2652 23809 I WiVRn   : [2026-09-08 15:33:52.366] [WiVRn] [info] render: this app's own GPU pass 1.9 ms per iteration
09-08 15:33:52.366  2652 23809 I WiVRn   : [2026-09-08 15:33:52.366] [WiVRn] [info] render: defoveate 2160x2160 per eye x2 = 9.33 Mpx/frame at scale 1.00 atlas-prototype 0; 0 re-presented from the cache (reduce_gpu_load on)
09-08 15:33:52.366  2652 23809 I WiVRn   : [2026-09-08 15:33:52.366] [WiVRn] [info] render: shader path sharpness 0.00 fsr false alpha false motion false blend false glow 0.28 vignette 0.00 deband 1.00 lowpoly 0.00 levels 0 full-kernel false
09-08 15:33:52.366  2652 23809 I WiVRn   : [2026-09-08 15:33:52.366] [WiVRn] [info] render: per iteration fence 0.0 (worst 0.0) | queries 0.0 | submit 0.0 | whole render() 19.5 ms
09-08 15:33:52.366  2652 23809 I WiVRn   : [2026-09-08 15:33:52.366] [WiVRn] [info] render: jit on | wake slack 82.8 ms | slept 0.0 ms mean (max 0.0, 0 of 2 iterations) | budget 45.3 = pass 44.3 + margin 1.0 | sleep cap 45.0 ms
09-08 15:33:52.366  2652 23809 I WiVRn   : [2026-09-08 15:33:52.366] [WiVRn] [info] render: source display-time offset 126.0 ms mean (worst 126.0) over 1 frames | submit lead -35.2 ms mean (worst -153.0) | misses: 0 overrun 0 late 0 skipped refresh
09-08 15:33:52.960  2652 23985 I WiVRn   : [2026-09-08 15:33:52.960] [WiVRn] [info] Tracking pattern (11111µs):
09-08 15:33:52.960  2652 23985 I WiVRn   : [2026-09-08 15:33:52.960] [WiVRn] [info] 	t+4762µs LEFT_GRIP (6349µs)
09-08 15:33:52.960  2652 23985 I WiVRn   : [2026-09-08 15:33:52.960] [WiVRn] [info] 	t+4788µs RIGHT_GRIP (6323µs)
09-08 15:33:52.960  2652 23985 I WiVRn   : [2026-09-08 15:33:52.960] [WiVRn] [info] 	t+5111µs HEAD (6000µs)
09-08 15:33:52.960  2652 23985 I WiVRn   : [2026-09-08 15:33:52.960] [WiVRn] [info] 	t+7762µs LEFT_GRIP (3349µs)
09-08 15:33:52.960  2652 23985 I WiVRn   : [2026-09-08 15:33:52.960] [WiVRn] [info] 	t+7788µs RIGHT_GRIP (3323µs)
09-08 15:33:52.960  2652 23985 I WiVRn   : [2026-09-08 15:33:52.960] [WiVRn] [info] 	t+8111µs HEAD (3000µs)
09-08 15:33:52.960  2652 23985 I WiVRn   : [2026-09-08 15:33:52.960] [WiVRn] [info] 	t+11111µs HEAD (0µs)
09-08 15:33:53.178  2652 23983 I WiVRn   : [2026-09-08 15:33:53.178] [WiVRn] [info] nxwarp[0]: 118 frames in 2.0 s: 17300 B/frame, wait-prev 0.0 ms, wall 8.5 ms, nxvc passA 2.2 passB 4.9 gpu 7.1 ms; holes 1, refused 0
09-08 15:33:53.178  2652 23983 I WiVRn   : [2026-09-08 15:33:53.178] [WiVRn] [info] nxwarp[0] gpu duty 410 ms/s (41% of one GPU) for decode alone; the display pass is extra
09-08 15:33:53.178  2652 23983 I WiVRn   : [2026-09-08 15:33:53.178] [WiVRn] [info] nxwarp[0] passB 4.9 ms = warp 0.0 + skip 0.0 + coded 4.0 + dir 0.0 + other 0.9; tiles skip 0 / coded 246 / dir 0 (eye pass 0)
09-08 15:33:53.178  2652 23983 I WiVRn   : [2026-09-08 15:33:53.178] [WiVRn] [info] nxwarp[0]: 153 frames dropped late (queue kept to 1)
09-08 15:33:53.178  2652 23983 I WiVRn   : [2026-09-08 15:33:53.178] [WiVRn] [info] nxwarp[0] stage: gap 8.7 | wait-prev 0.0 | submit 1.2 (qlock 0.0 + codec 1.2) | get_free 0.0 | fence-pre 0.0 | record 0.1 | qsubmit 0.0 | fence-post 7.1 | publish 0.0 ms; withheld 12, stride 1, arrival 43.0 ms
09-08 15:33:53.178  2652 23983 I WiVRn   : [2026-09-08 15:33:53.178] [WiVRn] [info] nxwarp[0] reassembly (network thread): 0.06 ms/frame over 149 frames, buffer 41 kB held for 41 kB of unit (1.0x)
09-08 15:33:53.178  2652 23983 I WiVRn   : [2026-09-08 15:33:53.178] [WiVRn] [info] nxwarp[0] fence-post 7.1 ms = nxvc gpu 7.1 + copy gpu 0.03 + queue 0.0 (over 118 frames with timestamps)
09-08 15:33:53.178  2652 23983 I WiVRn   : [2026-09-08 15:33:53.178] [WiVRn] [info] nxwarp[0]: 4 of 118 frames measured a stall not attributable to decoding (worst wall 61.0 ms); clipped out of the reported decode cost and out of the stride
09-08 15:33:53.178  2652 23983 I WiVRn   : [2026-09-08 15:33:53.178] [WiVRn] [info] nxwarp[0] atlas: frames 118, atlas 118, picture 0, avg dispatches 7.0, avg assembled 0.0, avg valid 2312.0, direct targets 118
09-08 15:33:53.960  2652 23985 I WiVRn   : [2026-09-08 15:33:53.960] [WiVRn] [info] Tracking pattern (11111µs):
09-08 15:33:53.960  2652 23985 I WiVRn   : [2026-09-08 15:33:53.960] [WiVRn] [info] 	t+4800µs HEAD (6311µs)
09-08 15:33:53.960  2652 23985 I WiVRn   : [2026-09-08 15:33:53.960] [WiVRn] [info] 	t+4829µs LEFT_GRIP (6281µs)
09-08 15:33:53.960  2652 23985 I WiVRn   : [2026-09-08 15:33:53.960] [WiVRn] [info] 	t+4839µs RIGHT_GRIP (6272µs)
09-08 15:33:53.960  2652 23985 I WiVRn   : [2026-09-08 15:33:53.960] [WiVRn] [info] 	t+7800µs HEAD (3311µs)
09-08 15:33:53.960  2652 23985 I WiVRn   : [2026-09-08 15:33:53.960] [WiVRn] [info] 	t+7829µs LEFT_GRIP (3281µs)
09-08 15:33:53.960  2652 23985 I WiVRn   : [2026-09-08 15:33:53.960] [WiVRn] [info] 	t+7839µs RIGHT_GRIP (3272µs)
09-08 15:33:54.142  2652 23981 I WiVRn   : [2026-09-08 15:33:54.142] [WiVRn] [info] nxwarp[0] net: 118 frames closed in 2.0 s, 0 with a hole, 0 out-of-order datagrams, 0 frames completed late, 0 queued for the worker, 236 decoded so far, 391 stragglers dropped; last hole 101/327 chunks, first missing 24, short false, chunk 1166 B
09-08 15:33:54.142  2652 23981 I WiVRn   : [2026-09-08 15:33:54.142] [WiVRn] [info] nxwarp[0] net: 0.029 ms per datagram over 10605 datagrams (150.84 ms of every second)
09-08 15:33:54.142  2652 23981 I WiVRn   : [2026-09-08 15:33:54.142] [WiVRn] [info] nxwarp[0] sel: stride 1, arrival 11.1 ms, dropped-late 153, withheld 17, decoded 236
09-08 15:33:54.142  2652 23981 I WiVRn   : [2026-09-08 15:33:54.142] [WiVRn] [info] nxwarp[0] rx: 36301 datagrams, placed 391245 (+90039), late 15126 (+0), stale_frame 0, bad_range 0, bad_dir 0, bad_caps 0, bad_ver 0, auth_fail 0, replay 0, frozen 0, dup 12
09-08 15:33:54.331  2652 23809 I WiVRn   : [2026-09-08 15:33:54.331] [WiVRn] [info] render: 117 iterations in 2.0 s (58.4/s), 117 submitted a layer, 79 new-source, 0 skipped by the repeat gate, 0 with nothing to show; display period 16.7 ms
09-08 15:33:54.331  2652 23809 I WiVRn   : [2026-09-08 15:33:54.331] [WiVRn] [info] render: selected source transitions forward 79 backward 0 repeat 38, greatest forward gap 38
09-08 15:33:54.331  2652 23809 I WiVRn   : [2026-09-08 15:33:54.331] [WiVRn] [info] render: this app's own GPU pass 1.9 ms per iteration
09-08 15:33:54.331  2652 23809 I WiVRn   : [2026-09-08 15:33:54.331] [WiVRn] [info] render: defoveate 2160x2160 per eye x2 = 9.33 Mpx/frame at scale 1.00 atlas-prototype 0; 38 re-presented from the cache (reduce_gpu_load on)
09-08 15:33:54.331  2652 23809 I WiVRn   : [2026-09-08 15:33:54.331] [WiVRn] [info] render: shader path sharpness 0.00 fsr false alpha false motion false blend false glow 0.28 vignette 0.00 deband 1.00 lowpoly 0.00 levels 0 full-kernel false
09-08 15:33:54.331  2652 23809 I WiVRn   : [2026-09-08 15:33:54.331] [WiVRn] [info] render: per iteration fence 0.5 (worst 20.9) | queries 0.0 | submit 0.0 | whole render() 1.0 ms
09-08 15:33:54.331  2652 23809 I WiVRn   : [2026-09-08 15:33:54.331] [WiVRn] [info] render: jit on | wake slack 43.4 ms | slept 2.2 ms mean (max 10.7, 29 of 117 iterations) | budget 29.0 = pass 28.0 + margin 1.0 | sleep cap 45.0 ms
09-08 15:33:54.331  2652 23809 I WiVRn   : [2026-09-08 15:33:54.331] [WiVRn] [info] render: source display-time offset 101.9 ms mean (worst 698.2) over 117 frames | submit lead 40.2 ms mean (worst 28.4) | misses: 0 overrun 0 late 0 skipped refresh
09-08 15:33:54.960  2652 23985 I WiVRn   : [2026-09-08 15:33:54.960] [WiVRn] [info] Tracking pattern (11112µs):
09-08 15:33:54.960  2652 23985 I WiVRn   : [2026-09-08 15:33:54.960] [WiVRn] [info] 	t+4938µs HEAD (6174µs)
09-08 15:33:54.960  2652 23985 I WiVRn   : [2026-09-08 15:33:54.960] [WiVRn] [info] 	t+4990µs LEFT_GRIP (6121µs)
09-08 15:33:54.960  2652 23985 I WiVRn   : [2026-09-08 15:33:54.960] [WiVRn] [info] 	t+5004µs RIGHT_GRIP (6107µs)
09-08 15:33:54.960  2652 23985 I WiVRn   : [2026-09-08 15:33:54.960] [WiVRn] [info] 	t+7938µs HEAD (3174µs)
09-08 15:33:54.960  2652 23985 I WiVRn   : [2026-09-08 15:33:54.960] [WiVRn] [info] 	t+7990µs LEFT_GRIP (3121µs)
09-08 15:33:54.960  2652 23985 I WiVRn   : [2026-09-08 15:33:54.960] [WiVRn] [info] 	t+8004µs RIGHT_GRIP (3107µs)
09-08 15:33:55.178  2652 23983 I WiVRn   : [2026-09-08 15:33:55.178] [WiVRn] [info] nxwarp[0]: 151 frames in 2.0 s: 1965 B/frame, wait-prev 0.0 ms, wall 2.6 ms, nxvc passA 0.8 passB 0.8 gpu 1.6 ms; holes 1, refused 0
09-08 15:33:55.178  2652 23983 I WiVRn   : [2026-09-08 15:33:55.178] [WiVRn] [info] nxwarp[0] gpu duty 122 ms/s (12% of one GPU) for decode alone; the display pass is extra
09-08 15:33:55.178  2652 23983 I WiVRn   : [2026-09-08 15:33:55.178] [WiVRn] [info] nxwarp[0] passB 0.8 ms = warp 0.0 + skip 0.0 + coded 0.4 + dir 0.0 + other 0.4; tiles skip 0 / coded 14 / dir 0 (eye pass 0)
09-08 15:33:55.178  2652 23983 I WiVRn   : [2026-09-08 15:33:55.178] [WiVRn] [info] nxwarp[0]: 153 frames dropped late (queue kept to 1)
09-08 15:33:55.178  2652 23983 I WiVRn   : [2026-09-08 15:33:55.178] [WiVRn] [info] nxwarp[0] stage: gap 10.7 | wait-prev 0.0 | submit 0.5 (qlock 0.0 + codec 0.5) | get_free 0.0 | fence-pre 0.0 | record 0.0 | qsubmit 0.0 | fence-post 2.0 | publish 0.0 ms; withheld 0, stride 1, arrival 11.1 ms
09-08 15:33:55.178  2652 23983 I WiVRn   : [2026-09-08 15:33:55.178] [WiVRn] [info] nxwarp[0] reassembly (network thread): 0.01 ms/frame over 151 frames, buffer 2 kB held for 2 kB of unit (1.0x)
09-08 15:33:55.178  2652 23983 I WiVRn   : [2026-09-08 15:33:55.178] [WiVRn] [info] nxwarp[0] fence-post 2.1 ms = nxvc gpu 1.6 + copy gpu 0.01 + queue 0.4 (over 151 frames with timestamps)
09-08 15:33:55.178  2652 23983 I WiVRn   : [2026-09-08 15:33:55.178] [WiVRn] [info] nxwarp[0] atlas: frames 151, atlas 151, picture 0, avg dispatches 7.0, avg assembled 0.0, avg valid 2312.0, direct targets 151
09-08 15:33:55.960  2652 23985 I WiVRn   : [2026-09-08 15:33:55.960] [WiVRn] [info] Tracking pattern (11111µs):
09-08 15:33:55.960  2652 23985 I WiVRn   : [2026-09-08 15:33:55.960] [WiVRn] [info] 	t+4644µs HEAD (6466µs)
09-08 15:33:55.960  2652 23985 I WiVRn   : [2026-09-08 15:33:55.960] [WiVRn] [info] 	t+4690µs LEFT_GRIP (6420µs)
09-08 15:33:55.960  2652 23985 I WiVRn   : [2026-09-08 15:33:55.960] [WiVRn] [info] 	t+4703µs RIGHT_GRIP (6408µs)
09-08 15:33:55.960  2652 23985 I WiVRn   : [2026-09-08 15:33:55.960] [WiVRn] [info] 	t+7644µs HEAD (3466µs)
09-08 15:33:55.960  2652 23985 I WiVRn   : [2026-09-08 15:33:55.960] [WiVRn] [info] 	t+7690µs LEFT_GRIP (3420µs)
09-08 15:33:55.960  2652 23985 I WiVRn   : [2026-09-08 15:33:55.960] [WiVRn] [info] 	t+7703µs RIGHT_GRIP (3408µs)
09-08 15:33:56.142  2652 23981 I WiVRn   : [2026-09-08 15:33:56.142] [WiVRn] [info] nxwarp[0] net: 180 frames closed in 2.0 s, 0 with a hole, 0 out-of-order datagrams, 0 frames completed late, 0 queued for the worker, 416 decoded so far, 571 stragglers dropped; last hole 101/327 chunks, first missing 24, short false, chunk 1166 B
09-08 15:33:56.142  2652 23981 I WiVRn   : [2026-09-08 15:33:56.142] [WiVRn] [info] nxwarp[0] net: 0.031 ms per datagram over 3443 datagrams (52.75 ms of every second)
09-08 15:33:56.142  2652 23981 I WiVRn   : [2026-09-08 15:33:56.142] [WiVRn] [info] nxwarp[0] sel: stride 1, arrival 11.2 ms, dropped-late 153, withheld 17, decoded 416
09-08 15:33:56.142  2652 23981 I WiVRn   : [2026-09-08 15:33:56.142] [WiVRn] [info] nxwarp[0] rx: 39744 datagrams, placed 393844 (+2599), late 15126 (+0), stale_frame 0, bad_range 0, bad_dir 0, bad_caps 0, bad_ver 0, auth_fail 0, replay 0, frozen 0, dup 12
09-08 15:33:56.341  2652 23809 I WiVRn   : [2026-09-08 15:33:56.341] [WiVRn] [info] render: 177 iterations in 2.0 s (88.1/s), 177 submitted a layer, 175 new-source, 0 skipped by the repeat gate, 0 with nothing to show; display period 11.4 ms
09-08 15:33:56.341  2652 23809 I WiVRn   : [2026-09-08 15:33:56.341] [WiVRn] [info] render: selected source transitions forward 175 backward 0 repeat 2, greatest forward gap 2
09-08 15:33:56.341  2652 23809 I WiVRn   : [2026-09-08 15:33:56.341] [WiVRn] [info] render: this app's own GPU pass 2.8 ms per iteration
09-08 15:33:56.341  2652 23809 I WiVRn   : [2026-09-08 15:33:56.341] [WiVRn] [info] render: defoveate 2160x2160 per eye x2 = 9.33 Mpx/frame at scale 1.00 atlas-prototype 0; 2 re-presented from the cache (reduce_gpu_load on)
09-08 15:33:56.341  2652 23809 I WiVRn   : [2026-09-08 15:33:56.341] [WiVRn] [info] render: shader path sharpness 0.00 fsr false alpha false motion false blend false glow 0.28 vignette 0.00 deband 1.00 lowpoly 0.00 levels 0 full-kernel false
09-08 15:33:56.341  2652 23809 I WiVRn   : [2026-09-08 15:33:56.341] [WiVRn] [info] render: per iteration fence 0.0 (worst 1.7) | queries 0.0 | submit 0.0 | whole render() 0.5 ms
09-08 15:33:56.341  2652 23809 I WiVRn   : [2026-09-08 15:33:56.341] [WiVRn] [info] render: jit on | wake slack 33.3 ms | slept 2.6 ms mean (max 16.9, 177 of 177 iterations) | budget 22.0 = pass 21.0 + margin 1.0 | sleep cap 0.6 ms
09-08 15:33:56.341  2652 23809 I WiVRn   : [2026-09-08 15:33:56.341] [WiVRn] [info] render: source display-time offset 42.7 ms mean (worst 53.9) over 177 frames | submit lead 30.2 ms mean (worst 25.2) | misses: 0 overrun 0 late 4 skipped refresh
09-08 15:33:56.960  2652 23985 I WiVRn   : [2026-09-08 15:33:56.960] [WiVRn] [info] Tracking pattern (11111µs):
09-08 15:33:56.960  2652 23985 I WiVRn   : [2026-09-08 15:33:56.960] [WiVRn] [info] 	t+4783µs HEAD (6328µs)
09-08 15:33:56.960  2652 23985 I WiVRn   : [2026-09-08 15:33:56.960] [WiVRn] [info] 	t+5100µs LEFT_GRIP (6010µs)
09-08 15:33:56.960  2652 23985 I WiVRn   : [2026-09-08 15:33:56.960] [WiVRn] [info] 	t+5240µs RIGHT_GRIP (5870µs)
09-08 15:33:56.960  2652 23985 I WiVRn   : [2026-09-08 15:33:56.960] [WiVRn] [info] 	t+7783µs HEAD (3328µs)
09-08 15:33:56.960  2652 23985 I WiVRn   : [2026-09-08 15:33:56.960] [WiVRn] [info] 	t+8100µs LEFT_GRIP (3010µs)
09-08 15:33:56.960  2652 23985 I WiVRn   : [2026-09-08 15:33:56.960] [WiVRn] [info] 	t+8240µs RIGHT_GRIP (2870µs)
09-08 15:33:57.179  2652 23983 I WiVRn   : [2026-09-08 15:33:57.179] [WiVRn] [info] nxwarp[0]: 180 frames in 2.0 s: 2070 B/frame, wait-prev 0.0 ms, wall 2.9 ms, nxvc passA 0.6 passB 0.5 gpu 1.1 ms; holes 1, refused 0
09-08 15:33:57.179  2652 23983 I WiVRn   : [2026-09-08 15:33:57.179] [WiVRn] [info] nxwarp[0] gpu duty 98 ms/s (10% of one GPU) for decode alone; the display pass is extra
09-08 15:33:57.179  2652 23983 I WiVRn   : [2026-09-08 15:33:57.179] [WiVRn] [info] nxwarp[0] passB 0.5 ms = warp 0.0 + skip 0.0 + coded 0.3 + dir 0.0 + other 0.2; tiles skip 0 / coded 15 / dir 0 (eye pass 0)
09-08 15:33:57.179  2652 23983 I WiVRn   : [2026-09-08 15:33:57.179] [WiVRn] [info] nxwarp[0]: 153 frames dropped late (queue kept to 1)
09-08 15:33:57.179  2652 23983 I WiVRn   : [2026-09-08 15:33:57.179] [WiVRn] [info] nxwarp[0] stage: gap 8.2 | wait-prev 0.0 | submit 0.5 (qlock 0.0 + codec 0.5) | get_free 0.0 | fence-pre 0.0 | record 0.0 | qsubmit 0.0 | fence-post 2.3 | publish 0.0 ms; withheld 0, stride 1, arrival 11.2 ms
09-08 15:33:57.179  2652 23983 I WiVRn   : [2026-09-08 15:33:57.179] [WiVRn] [info] nxwarp[0] reassembly (network thread): 0.01 ms/frame over 180 frames, buffer 2 kB held for 2 kB of unit (1.0x)
09-08 15:33:57.179  2652 23983 I WiVRn   : [2026-09-08 15:33:57.179] [WiVRn] [info] nxwarp[0] fence-post 2.3 ms = nxvc gpu 1.1 + copy gpu 0.01 + queue 1.2 (over 180 frames with timestamps)
09-08 15:33:57.179  2652 23983 I WiVRn   : [2026-09-08 15:33:57.179] [WiVRn] [info] nxwarp[0] atlas: frames 180, atlas 180, picture 0, avg dispatches 7.0, avg assembled 0.0, avg valid 2312.0, direct targets 180
09-08 15:33:57.960  2652 23985 I WiVRn   : [2026-09-08 15:33:57.960] [WiVRn] [info] Tracking pattern (11109µs):
09-08 15:33:57.960  2652 23985 I WiVRn   : [2026-09-08 15:33:57.960] [WiVRn] [info] 	t+4819µs HEAD (6290µs)
09-08 15:33:57.960  2652 23985 I WiVRn   : [2026-09-08 15:33:57.960] [WiVRn] [info] 	t+5115µs LEFT_GRIP (5993µs)
09-08 15:33:57.960  2652 23985 I WiVRn   : [2026-09-08 15:33:57.960] [WiVRn] [info] 	t+5130µs RIGHT_GRIP (5978µs)
09-08 15:33:57.960  2652 23985 I WiVRn   : [2026-09-08 15:33:57.960] [WiVRn] [info] 	t+7819µs HEAD (3290µs)
09-08 15:33:57.960  2652 23985 I WiVRn   : [2026-09-08 15:33:57.960] [WiVRn] [info] 	t+8115µs LEFT_GRIP (2993µs)
09-08 15:33:57.960  2652 23985 I WiVRn   : [2026-09-08 15:33:57.960] [WiVRn] [info] 	t+8130µs RIGHT_GRIP (2978µs)
09-08 15:33:58.153  2652 23981 I WiVRn   : [2026-09-08 15:33:58.153] [WiVRn] [info] nxwarp[0] net: 181 frames closed in 2.0 s, 0 with a hole, 0 out-of-order datagrams, 0 frames completed late, 0 queued for the worker, 597 decoded so far, 752 stragglers dropped; last hole 101/327 chunks, first missing 24, short false, chunk 1166 B
09-08 15:33:58.153  2652 23981 I WiVRn   : [2026-09-08 15:33:58.153] [WiVRn] [info] nxwarp[0] net: 0.030 ms per datagram over 3480 datagrams (52.15 ms of every second)
09-08 15:33:58.153  2652 23981 I WiVRn   : [2026-09-08 15:33:58.153] [WiVRn] [info] nxwarp[0] sel: stride 1, arrival 11.1 ms, dropped-late 153, withheld 17, decoded 597
09-08 15:33:58.153  2652 23981 I WiVRn   : [2026-09-08 15:33:58.153] [WiVRn] [info] nxwarp[0] rx: 43224 datagrams, placed 396478 (+2634), late 15126 (+0), stale_frame 0, bad_range 0, bad_dir 0, bad_caps 0, bad_ver 0, auth_fail 0, replay 0, frozen 0, dup 12
09-08 15:33:58.341  2652 23809 I WiVRn   : [2026-09-08 15:33:58.341] [WiVRn] [info] render: 179 iterations in 2.0 s (89.5/s), 179 submitted a layer, 177 new-source, 0 skipped by the repeat gate, 0 with nothing to show; display period 11.2 ms
09-08 15:33:58.341  2652 23809 I WiVRn   : [2026-09-08 15:33:58.341] [WiVRn] [info] render: selected source transitions forward 177 backward 0 repeat 2, greatest forward gap 2
09-08 15:33:58.341  2652 23809 I WiVRn   : [2026-09-08 15:33:58.341] [WiVRn] [info] render: this app's own GPU pass 3.2 ms per iteration
09-08 15:33:58.341  2652 23809 I WiVRn   : [2026-09-08 15:33:58.341] [WiVRn] [info] render: defoveate 2160x2160 per eye x2 = 9.33 Mpx/frame at scale 1.00 atlas-prototype 0; 2 re-presented from the cache (reduce_gpu_load on)
09-08 15:33:58.341  2652 23809 I WiVRn   : [2026-09-08 15:33:58.341] [WiVRn] [info] render: shader path sharpness 0.00 fsr false alpha false motion false blend false glow 0.28 vignette 0.00 deband 1.00 lowpoly 0.00 levels 0 full-kernel false
09-08 15:33:58.341  2652 23809 I WiVRn   : [2026-09-08 15:33:58.341] [WiVRn] [info] render: per iteration fence 0.0 (worst 1.6) | queries 0.0 | submit 0.0 | whole render() 0.5 ms
09-08 15:33:58.341  2652 23809 I WiVRn   : [2026-09-08 15:33:58.341] [WiVRn] [info] render: jit on | wake slack 31.1 ms | slept 1.1 ms mean (max 11.7, 179 of 179 iterations) | budget 20.2 = pass 19.2 + margin 1.0 | sleep cap 0.6 ms
09-08 15:33:58.341  2652 23809 I WiVRn   : [2026-09-08 15:33:58.341] [WiVRn] [info] render: source display-time offset 42.4 ms mean (worst 54.0) over 179 frames | submit lead 29.5 ms mean (worst 20.1) | misses: 0 overrun 0 late 1 skipped refresh
09-08 15:33:58.960  2652 23985 I WiVRn   : [2026-09-08 15:33:58.960] [WiVRn] [info] Tracking pattern (11111µs):
09-08 15:33:58.960  2652 23985 I WiVRn   : [2026-09-08 15:33:58.960] [WiVRn] [info] 	t+4736µs HEAD (6375µs)
09-08 15:33:58.960  2652 23985 I WiVRn   : [2026-09-08 15:33:58.960] [WiVRn] [info] 	t+4798µs LEFT_GRIP (6312µs)
09-08 15:33:58.960  2652 23985 I WiVRn   : [2026-09-08 15:33:58.960] [WiVRn] [info] 	t+4809µs RIGHT_GRIP (6301µs)
09-08 15:33:58.960  2652 23985 I WiVRn   : [2026-09-08 15:33:58.960] [WiVRn] [info] 	t+7736µs HEAD (3375µs)
09-08 15:33:58.960  2652 23985 I WiVRn   : [2026-09-08 15:33:58.960] [WiVRn] [info] 	t+7798µs LEFT_GRIP (3312µs)
09-08 15:33:58.960  2652 23985 I WiVRn   : [2026-09-08 15:33:58.960] [WiVRn] [info] 	t+7809µs RIGHT_GRIP (3301µs)
09-08 15:33:59.179  2652 23983 I WiVRn   : [2026-09-08 15:33:59.179] [WiVRn] [info] nxwarp[0]: 180 frames in 2.0 s: 1918 B/frame, wait-prev 0.0 ms, wall 3.0 ms, nxvc passA 0.5 passB 0.5 gpu 1.0 ms; holes 1, refused 0
09-08 15:33:59.179  2652 23983 I WiVRn   : [2026-09-08 15:33:59.179] [WiVRn] [info] nxwarp[0] gpu duty 88 ms/s (9% of one GPU) for decode alone; the display pass is extra
09-08 15:33:59.179  2652 23983 I WiVRn   : [2026-09-08 15:33:59.179] [WiVRn] [info] nxwarp[0] passB 0.5 ms = warp 0.0 + skip 0.0 + coded 0.3 + dir 0.0 + other 0.2; tiles skip 0 / coded 14 / dir 0 (eye pass 0)
09-08 15:33:59.179  2652 23983 I WiVRn   : [2026-09-08 15:33:59.179] [WiVRn] [info] nxwarp[0]: 153 frames dropped late (queue kept to 1)
09-08 15:33:59.179  2652 23983 I WiVRn   : [2026-09-08 15:33:59.179] [WiVRn] [info] nxwarp[0] stage: gap 8.1 | wait-prev 0.0 | submit 0.5 (qlock 0.0 + codec 0.5) | get_free 0.0 | fence-pre 0.0 | record 0.0 | qsubmit 0.0 | fence-post 2.5 | publish 0.0 ms; withheld 0, stride 1, arrival 11.1 ms
09-08 15:33:59.179  2652 23983 I WiVRn   : [2026-09-08 15:33:59.179] [WiVRn] [info] nxwarp[0] reassembly (network thread): 0.01 ms/frame over 180 frames, buffer 2 kB held for 2 kB of unit (1.0x)
09-08 15:33:59.179  2652 23983 I WiVRn   : [2026-09-08 15:33:59.179] [WiVRn] [info] nxwarp[0] fence-post 2.5 ms = nxvc gpu 1.0 + copy gpu 0.01 + queue 1.5 (over 180 frames with timestamps)
09-08 15:33:59.179  2652 23983 I WiVRn   : [2026-09-08 15:33:59.179] [WiVRn] [info] nxwarp[0] atlas: frames 180, atlas 180, picture 0, avg dispatches 7.0, avg assembled 0.0, avg valid 2312.0, direct targets 180
09-08 15:33:59.960  2652 23985 I WiVRn   : [2026-09-08 15:33:59.960] [WiVRn] [info] Tracking pattern (11118µs):
09-08 15:33:59.960  2652 23985 I WiVRn   : [2026-09-08 15:33:59.960] [WiVRn] [info] 	t+4525µs HEAD (6592µs)
09-08 15:33:59.960  2652 23985 I WiVRn   : [2026-09-08 15:33:59.960] [WiVRn] [info] 	t+4561µs LEFT_GRIP (6556µs)
09-08 15:33:59.960  2652 23985 I WiVRn   : [2026-09-08 15:33:59.960] [WiVRn] [info] 	t+4569µs RIGHT_GRIP (6548µs)
09-08 15:33:59.960  2652 23985 I WiVRn   : [2026-09-08 15:33:59.960] [WiVRn] [info] 	t+7525µs HEAD (3592µs)
09-08 15:33:59.960  2652 23985 I WiVRn   : [2026-09-08 15:33:59.960] [WiVRn] [info] 	t+7561µs LEFT_GRIP (3556µs)
09-08 15:33:59.960  2652 23985 I WiVRn   : [2026-09-08 15:33:59.960] [WiVRn] [info] 	t+7569µs RIGHT_GRIP (3548µs)
09-08 15:34:00.153  2652 23981 I WiVRn   : [2026-09-08 15:34:00.153] [WiVRn] [info] nxwarp[0] net: 180 frames closed in 2.0 s, 0 with a hole, 0 out-of-order datagrams, 0 frames completed late, 0 queued for the worker, 777 decoded so far, 932 stragglers dropped; last hole 101/327 chunks, first missing 24, short false, chunk 1166 B
09-08 15:34:00.153  2652 23981 I WiVRn   : [2026-09-08 15:34:00.153] [WiVRn] [info] nxwarp[0] net: 0.031 ms per datagram over 3384 datagrams (51.98 ms of every second)
09-08 15:34:00.153  2652 23981 I WiVRn   : [2026-09-08 15:34:00.153] [WiVRn] [info] nxwarp[0] sel: stride 1, arrival 11.2 ms, dropped-late 153, withheld 17, decoded 777
09-08 15:34:00.153  2652 23981 I WiVRn   : [2026-09-08 15:34:00.153] [WiVRn] [info] nxwarp[0] rx: 46608 datagrams, placed 399021 (+2543), late 15126 (+0), stale_frame 0, bad_range 0, bad_dir 0, bad_caps 0, bad_ver 0, auth_fail 0, replay 0, frozen 0, dup 12
09-08 15:34:00.342  2652 23809 I WiVRn   : [2026-09-08 15:34:00.342] [WiVRn] [info] render: 180 iterations in 2.0 s (90.0/s), 180 submitted a layer, 180 new-source, 0 skipped by the repeat gate, 0 with nothing to show; display period 11.1 ms
09-08 15:34:00.342  2652 23809 I WiVRn   : [2026-09-08 15:34:00.342] [WiVRn] [info] render: selected source transitions forward 180 backward 0 repeat 0, greatest forward gap 1
09-08 15:34:00.342  2652 23809 I WiVRn   : [2026-09-08 15:34:00.342] [WiVRn] [info] render: this app's own GPU pass 3.4 ms per iteration
09-08 15:34:00.342  2652 23809 I WiVRn   : [2026-09-08 15:34:00.342] [WiVRn] [info] render: defoveate 2160x2160 per eye x2 = 9.33 Mpx/frame at scale 1.00 atlas-prototype 0; 0 re-presented from the cache (reduce_gpu_load on)
09-08 15:34:00.342  2652 23809 I WiVRn   : [2026-09-08 15:34:00.342] [WiVRn] [info] render: shader path sharpness 0.00 fsr false alpha false motion false blend false glow 0.28 vignette 0.00 deband 1.00 lowpoly 0.00 levels 0 full-kernel false
09-08 15:34:00.342  2652 23809 I WiVRn   : [2026-09-08 15:34:00.342] [WiVRn] [info] render: per iteration fence 0.0 (worst 0.0) | queries 0.0 | submit 0.0 | whole render() 0.5 ms
09-08 15:34:00.342  2652 23809 I WiVRn   : [2026-09-08 15:34:00.342] [WiVRn] [info] render: jit on | wake slack 30.4 ms | slept 0.6 ms mean (max 0.6, 180 of 180 iterations) | budget 18.4 = pass 17.4 + margin 1.0 | sleep cap 0.6 ms
09-08 15:34:00.342  2652 23809 I WiVRn   : [2026-09-08 15:34:00.342] [WiVRn] [info] render: source display-time offset 43.0 ms mean (worst 43.0) over 180 frames | submit lead 29.3 ms mean (worst 28.9) | misses: 0 overrun 0 late 0 skipped refresh
09-08 15:34:00.960  2652 23985 I WiVRn   : [2026-09-08 15:34:00.960] [WiVRn] [info] Tracking pattern (11114µs):
09-08 15:34:00.960  2652 23985 I WiVRn   : [2026-09-08 15:34:00.960] [WiVRn] [info] 	t+5069µs HEAD (6045µs)
09-08 15:34:00.960  2652 23985 I WiVRn   : [2026-09-08 15:34:00.960] [WiVRn] [info] 	t+5115µs LEFT_GRIP (5998µs)
09-08 15:34:00.960  2652 23985 I WiVRn   : [2026-09-08 15:34:00.960] [WiVRn] [info] 	t+5128µs RIGHT_GRIP (5986µs)
09-08 15:34:00.960  2652 23985 I WiVRn   : [2026-09-08 15:34:00.960] [WiVRn] [info] 	t+8069µs HEAD (3045µs)
09-08 15:34:00.960  2652 23985 I WiVRn   : [2026-09-08 15:34:00.960] [WiVRn] [info] 	t+8115µs LEFT_GRIP (2998µs)
09-08 15:34:00.960  2652 23985 I WiVRn   : [2026-09-08 15:34:00.960] [WiVRn] [info] 	t+8128µs RIGHT_GRIP (2986µs)
09-08 15:34:01.179  2652 23983 I WiVRn   : [2026-09-08 15:34:01.179] [WiVRn] [info] nxwarp[0]: 180 frames in 2.0 s: 1975 B/frame, wait-prev 0.0 ms, wall 3.4 ms, nxvc passA 0.5 passB 0.5 gpu 0.9 ms; holes 1, refused 0
09-08 15:34:01.179  2652 23983 I WiVRn   : [2026-09-08 15:34:01.179] [WiVRn] [info] nxwarp[0] gpu duty 85 ms/s (8% of one GPU) for decode alone; the display pass is extra
09-08 15:34:01.179  2652 23983 I WiVRn   : [2026-09-08 15:34:01.179] [WiVRn] [info] nxwarp[0] passB 0.5 ms = warp 0.0 + skip 0.0 + coded 0.3 + dir 0.0 + other 0.2; tiles skip 0 / coded 14 / dir 0 (eye pass 0)
09-08 15:34:01.179  2652 23983 I WiVRn   : [2026-09-08 15:34:01.179] [WiVRn] [info] nxwarp[0]: 153 frames dropped late (queue kept to 1)
09-08 15:34:01.179  2652 23983 I WiVRn   : [2026-09-08 15:34:01.179] [WiVRn] [info] nxwarp[0] stage: gap 7.7 | wait-prev 0.0 | submit 0.5 (qlock 0.0 + codec 0.5) | get_free 0.0 | fence-pre 0.0 | record 0.0 | qsubmit 0.0 | fence-post 2.8 | publish 0.0 ms; withheld 0, stride 1, arrival 11.1 ms
09-08 15:34:01.179  2652 23983 I WiVRn   : [2026-09-08 15:34:01.179] [WiVRn] [info] nxwarp[0] reassembly (network thread): 0.01 ms/frame over 180 frames, buffer 2 kB held for 2 kB of unit (1.0x)
09-08 15:34:01.179  2652 23983 I WiVRn   : [2026-09-08 15:34:01.179] [WiVRn] [info] nxwarp[0] fence-post 2.9 ms = nxvc gpu 0.9 + copy gpu 0.01 + queue 1.9 (over 180 frames with timestamps)
09-08 15:34:01.179  2652 23983 I WiVRn   : [2026-09-08 15:34:01.179] [WiVRn] [info] nxwarp[0] atlas: frames 180, atlas 180, picture 0, avg dispatches 7.0, avg assembled 0.0, avg valid 2312.0, direct targets 180
09-08 15:34:01.960  2652 23985 I WiVRn   : [2026-09-08 15:34:01.960] [WiVRn] [info] Tracking pattern (11127µs):
09-08 15:34:01.960  2652 23985 I WiVRn   : [2026-09-08 15:34:01.960] [WiVRn] [info] 	t+4628µs HEAD (6498µs)
09-08 15:34:01.960  2652 23985 I WiVRn   : [2026-09-08 15:34:01.960] [WiVRn] [info] 	t+4655µs LEFT_GRIP (6472µs)
09-08 15:34:01.960  2652 23985 I WiVRn   : [2026-09-08 15:34:01.960] [WiVRn] [info] 	t+4662µs RIGHT_GRIP (6464µs)
09-08 15:34:01.960  2652 23985 I WiVRn   : [2026-09-08 15:34:01.960] [WiVRn] [info] 	t+7628µs HEAD (3498µs)
09-08 15:34:01.960  2652 23985 I WiVRn   : [2026-09-08 15:34:01.960] [WiVRn] [info] 	t+7655µs LEFT_GRIP (3472µs)
09-08 15:34:01.960  2652 23985 I WiVRn   : [2026-09-08 15:34:01.960] [WiVRn] [info] 	t+7662µs RIGHT_GRIP (3464µs)
09-08 15:34:02.164  2652 23981 I WiVRn   : [2026-09-08 15:34:02.164] [WiVRn] [info] nxwarp[0] net: 181 frames closed in 2.0 s, 0 with a hole, 0 out-of-order datagrams, 0 frames completed late, 0 queued for the worker, 958 decoded so far, 1113 stragglers dropped; last hole 101/327 chunks, first missing 24, short false, chunk 1166 B
09-08 15:34:02.164  2652 23981 I WiVRn   : [2026-09-08 15:34:02.164] [WiVRn] [info] nxwarp[0] net: 0.033 ms per datagram over 3347 datagrams (55.04 ms of every second)
09-08 15:34:02.164  2652 23981 I WiVRn   : [2026-09-08 15:34:02.164] [WiVRn] [info] nxwarp[0] sel: stride 1, arrival 11.2 ms, dropped-late 153, withheld 17, decoded 958
09-08 15:34:02.164  2652 23981 I WiVRn   : [2026-09-08 15:34:02.164] [WiVRn] [info] nxwarp[0] rx: 49955 datagrams, placed 401518 (+2497), late 15126 (+0), stale_frame 0, bad_range 0, bad_dir 0, bad_caps 0, bad_ver 0, auth_fail 0, replay 0, frozen 0, dup 12
09-08 15:34:02.342  2652 23809 I WiVRn   : [2026-09-08 15:34:02.342] [WiVRn] [info] render: 179 iterations in 2.0 s (89.5/s), 179 submitted a layer, 178 new-source, 0 skipped by the repeat gate, 0 with nothing to show; display period 11.2 ms
09-08 15:34:02.342  2652 23809 I WiVRn   : [2026-09-08 15:34:02.342] [WiVRn] [info] render: selected source transitions forward 178 backward 0 repeat 1, greatest forward gap 2
09-08 15:34:02.342  2652 23809 I WiVRn   : [2026-09-08 15:34:02.342] [WiVRn] [info] render: this app's own GPU pass 3.3 ms per iteration
09-08 15:34:02.342  2652 23809 I WiVRn   : [2026-09-08 15:34:02.342] [WiVRn] [info] render: defoveate 2160x2160 per eye x2 = 9.33 Mpx/frame at scale 1.00 atlas-prototype 0; 1 re-presented from the cache (reduce_gpu_load on)
09-08 15:34:02.342  2652 23809 I WiVRn   : [2026-09-08 15:34:02.342] [WiVRn] [info] render: shader path sharpness 0.00 fsr false alpha false motion false blend false glow 0.28 vignette 0.00 deband 1.00 lowpoly 0.00 levels 0 full-kernel false
09-08 15:34:02.342  2652 23809 I WiVRn   : [2026-09-08 15:34:02.342] [WiVRn] [info] render: per iteration fence 0.0 (worst 2.6) | queries 0.0 | submit 0.0 | whole render() 0.5 ms
09-08 15:34:02.342  2652 23809 I WiVRn   : [2026-09-08 15:34:02.342] [WiVRn] [info] render: jit on | wake slack 30.4 ms | slept 0.8 ms mean (max 11.7, 179 of 179 iterations) | budget 16.6 = pass 15.6 + margin 1.0 | sleep cap 0.6 ms
09-08 15:34:02.342  2652 23809 I WiVRn   : [2026-09-08 15:34:02.342] [WiVRn] [info] render: source display-time offset 42.8 ms mean (worst 43.1) over 179 frames | submit lead 29.1 ms mean (worst 17.6) | misses: 0 overrun 0 late 1 skipped refresh
09-08 15:34:02.576  2652 23809 I WiVRn   : [2026-09-08 15:34:02.576] [WiVRn] [info] Session state changed at timestamp 0: XR_SESSION_STATE_FOCUSED => XR_SESSION_STATE_VISIBLE
09-08 15:34:02.576  2652 23809 I WiVRn   : [2026-09-08 15:34:02.576] [WiVRn] [info] Session state changed at timestamp 0: XR_SESSION_STATE_VISIBLE => XR_SESSION_STATE_SYNCHRONIZED
09-08 15:34:02.576  2652 23809 I WiVRn   : [2026-09-08 15:34:02.576] [WiVRn] [info] Session state changed at timestamp 0: XR_SESSION_STATE_SYNCHRONIZED => XR_SESSION_STATE_STOPPING
09-08 15:34:02.578  2652 23809 I WiVRn   : [2026-09-08 15:34:02.578] [WiVRn] [info] Session state changed at timestamp 0: XR_SESSION_STATE_STOPPING => XR_SESSION_STATE_IDLE
09-08 15:34:03.031  2652 23985 I WiVRn   : [2026-09-08 15:34:03.031] [WiVRn] [info] Tracking pattern (11109µs):
09-08 15:34:03.031  2652 23985 I WiVRn   : [2026-09-08 15:34:03.031] [WiVRn] [info] 	t+1690µs LEFT_GRIP (31637µs)
09-08 15:34:03.031  2652 23985 I WiVRn   : [2026-09-08 15:34:03.031] [WiVRn] [info] 	t+1705µs RIGHT_GRIP (31622µs)
09-08 15:34:03.031  2652 23985 I WiVRn   : [2026-09-08 15:34:03.031] [WiVRn] [info] 	t+4005µs HEAD (29322µs)
09-08 15:34:03.031  2652 23985 I WiVRn   : [2026-09-08 15:34:03.031] [WiVRn] [info] 	t+4690µs LEFT_GRIP (28637µs)
09-08 15:34:03.031  2652 23985 I WiVRn   : [2026-09-08 15:34:03.031] [WiVRn] [info] 	t+4705µs RIGHT_GRIP (28622µs)
09-08 15:34:03.031  2652 23985 I WiVRn   : [2026-09-08 15:34:03.031] [WiVRn] [info] 	t+7005µs HEAD (26322µs)
09-08 15:34:03.031  2652 23985 I WiVRn   : [2026-09-08 15:34:03.031] [WiVRn] [info] 	t+10005µs HEAD (23322µs)
09-08 15:34:03.195  2652 23983 I WiVRn   : [2026-09-08 15:34:03.195] [WiVRn] [info] nxwarp[0]: 141 frames in 2.0 s: 5087 B/frame, wait-prev 0.0 ms, wall 7.6 ms, nxvc passA 1.2 passB 3.4 gpu 4.6 ms; holes 1, refused 0
09-08 15:34:03.195  2652 23983 I WiVRn   : [2026-09-08 15:34:03.195] [WiVRn] [info] nxwarp[0] gpu duty 323 ms/s (32% of one GPU) for decode alone; the display pass is extra
09-08 15:34:03.195  2652 23983 I WiVRn   : [2026-09-08 15:34:03.195] [WiVRn] [info] nxwarp[0] passB 3.4 ms = warp 0.0 + skip 0.0 + coded 2.7 + dir 0.0 + other 0.7; tiles skip 0 / coded 237 / dir 0 (eye pass 0)
09-08 15:34:03.195  2652 23983 I WiVRn   : [2026-09-08 15:34:03.195] [WiVRn] [info] nxwarp[0]: 173 frames dropped late (queue kept to 1)
09-08 15:34:03.195  2652 23983 I WiVRn   : [2026-09-08 15:34:03.195] [WiVRn] [info] nxwarp[0] stage: gap 6.7 | wait-prev 0.0 | submit 0.7 (qlock 0.0 + codec 0.7) | get_free 0.0 | fence-pre 0.0 | record 0.0 | qsubmit 0.0 | fence-post 6.8 | publish 0.0 ms; withheld 10, stride 1, arrival 28.6 ms
09-08 15:34:03.195  2652 23983 I WiVRn   : [2026-09-08 15:34:03.195] [WiVRn] [info] nxwarp[0] reassembly (network thread): 0.09 ms/frame over 162 frames, buffer 8 kB held for 8 kB of unit (1.0x)
09-08 15:34:03.195  2652 23983 I WiVRn   : [2026-09-08 15:34:03.195] [WiVRn] [info] nxwarp[0] fence-post 6.8 ms = nxvc gpu 4.6 + copy gpu 0.01 + queue 2.2 (over 141 frames with timestamps)
09-08 15:34:03.195  2652 23983 I WiVRn   : [2026-09-08 15:34:03.195] [WiVRn] [info] nxwarp[0]: 2 of 141 frames measured a stall not attributable to decoding (worst wall 44.2 ms); clipped out of the reported decode cost and out of the stride
09-08 15:34:03.195  2652 23983 I WiVRn   : [2026-09-08 15:34:03.195] [WiVRn] [info] nxwarp[0] atlas: frames 141, atlas 141, picture 0, avg dispatches 7.0, avg assembled 0.0, avg valid 2312.0, direct targets 141
09-08 15:34:03.983  2652 23985 I WiVRn   : [2026-09-08 15:34:03.983] [WiVRn] [info] Tracking pattern (11109µs):
09-08 15:34:03.983  2652 23985 I WiVRn   : [2026-09-08 15:34:03.983] [WiVRn] [info] 	t+303µs HEAD (21914µs)
09-08 15:34:03.983  2652 23985 I WiVRn   : [2026-09-08 15:34:03.983] [WiVRn] [info] 	t+8413µs HEAD (24914µs)
09-08 15:34:04.169  2652 23981 I WiVRn   : [2026-09-08 15:34:04.169] [WiVRn] [info] nxwarp[0] net: 136 frames closed in 2.0 s, 0 with a hole, 0 out-of-order datagrams, 0 frames completed late, 0 queued for the worker, 1074 decoded so far, 1252 stragglers dropped; last hole 101/327 chunks, first missing 24, short false, chunk 1166 B
09-08 15:34:04.169  2652 23981 I WiVRn   : [2026-09-08 15:34:04.169] [WiVRn] [info] nxwarp[0] net: 0.082 ms per datagram over 5524 datagrams (227.18 ms of every second)
09-08 15:34:04.169  2652 23981 I WiVRn   : [2026-09-08 15:34:04.169] [WiVRn] [info] nxwarp[0] sel: stride 1, arrival 11.1 ms, dropped-late 173, withheld 28, decoded 1074
09-08 15:34:04.169  2652 23981 I WiVRn   : [2026-09-08 15:34:04.169] [WiVRn] [info] nxwarp[0] rx: 55479 datagrams, placed 481053 (+79535), late 20284 (+5158), stale_frame 0, bad_range 0, bad_dir 0, bad_caps 0, bad_ver 0, auth_fail 0, replay 0, frozen 0, dup 15
09-08 15:34:04.263  2652 23809 I WiVRn   : [2026-09-08 15:34:04.263] [WiVRn] [info] Session state changed at timestamp 0: XR_SESSION_STATE_IDLE => XR_SESSION_STATE_READY
09-08 15:34:04.264  2652 23809 I WiVRn   : [2026-09-08 15:34:04.264] [WiVRn] [info] Received event type XR_TYPE_EVENT_DATA_USER_PRESENCE_CHANGED_EXT
09-08 15:34:04.266  2652 23809 I WiVRn   : [2026-09-08 15:34:04.266] [WiVRn] [info] Session state changed at timestamp 0: XR_SESSION_STATE_READY => XR_SESSION_STATE_SYNCHRONIZED
09-08 15:34:04.266  2652 23809 I WiVRn   : [2026-09-08 15:34:04.266] [WiVRn] [info] Session state changed at timestamp 0: XR_SESSION_STATE_SYNCHRONIZED => XR_SESSION_STATE_VISIBLE
09-08 15:34:04.266  2652 23809 I WiVRn   : [2026-09-08 15:34:04.266] [WiVRn] [info] Session state changed at timestamp 0: XR_SESSION_STATE_VISIBLE => XR_SESSION_STATE_FOCUSED
09-08 15:34:04.282  2652 23985 I WiVRn   : [2026-09-08 15:34:04.282] [WiVRn] [info] Tracking pattern (11107µs):
09-08 15:34:04.282  2652 23985 I WiVRn   : [2026-09-08 15:34:04.282] [WiVRn] [info] 	t+299µs HEAD (21914µs)
09-08 15:34:04.282  2652 23985 I WiVRn   : [2026-09-08 15:34:04.282] [WiVRn] [info] 	t+8407µs HEAD (24914µs)
09-08 15:34:04.282  2652 23985 I WiVRn   : [2026-09-08 15:34:04.282] [WiVRn] [info] 	t+8721µs LEFT_GRIP (2386µs)
09-08 15:34:04.958  2652 23985 I WiVRn   : [2026-09-08 15:34:04.958] [WiVRn] [info] Tracking pattern (11111µs):
09-08 15:34:04.958  2652 23985 I WiVRn   : [2026-09-08 15:34:04.958] [WiVRn] [info] 	t+4674µs LEFT_GRIP (6437µs)
09-08 15:34:04.958  2652 23985 I WiVRn   : [2026-09-08 15:34:04.958] [WiVRn] [info] 	t+4694µs RIGHT_GRIP (6417µs)
09-08 15:34:04.958  2652 23985 I WiVRn   : [2026-09-08 15:34:04.958] [WiVRn] [info] 	t+5111µs HEAD (6000µs)
09-08 15:34:04.958  2652 23985 I WiVRn   : [2026-09-08 15:34:04.958] [WiVRn] [info] 	t+7674µs LEFT_GRIP (3437µs)
09-08 15:34:04.958  2652 23985 I WiVRn   : [2026-09-08 15:34:04.958] [WiVRn] [info] 	t+7694µs RIGHT_GRIP (3417µs)
09-08 15:34:04.958  2652 23985 I WiVRn   : [2026-09-08 15:34:04.958] [WiVRn] [info] 	t+8111µs HEAD (3000µs)
09-08 15:34:04.958  2652 23985 I WiVRn   : [2026-09-08 15:34:04.958] [WiVRn] [info] 	t+11111µs HEAD (0µs)
09-08 15:34:05.242  2652 23983 I WiVRn   : [2026-09-08 15:34:05.242] [WiVRn] [info] nxwarp[0]: 90 frames in 2.0 s: 27830 B/frame, wait-prev 0.0 ms, wall 13.2 ms, nxvc passA 3.4 passB 8.2 gpu 11.6 ms; holes 1, refused 0
09-08 15:34:05.242  2652 23983 I WiVRn   : [2026-09-08 15:34:05.242] [WiVRn] [info] nxwarp[0] gpu duty 511 ms/s (51% of one GPU) for decode alone; the display pass is extra
09-08 15:34:05.242  2652 23983 I WiVRn   : [2026-09-08 15:34:05.242] [WiVRn] [info] nxwarp[0] passB 8.2 ms = warp 0.1 + skip 0.0 + coded 6.8 + dir 0.0 + other 1.3; tiles skip 0 / coded 436 / dir 0 (eye pass 0)
09-08 15:34:05.242  2652 23983 I WiVRn   : [2026-09-08 15:34:05.242] [WiVRn] [info] nxwarp[0]: 204 frames dropped late (queue kept to 1)
09-08 15:34:05.242  2652 23983 I WiVRn   : [2026-09-08 15:34:05.242] [WiVRn] [info] nxwarp[0] stage: gap 9.5 | wait-prev 0.0 | submit 1.5 (qlock 0.0 + codec 1.4) | get_free 0.0 | fence-pre 0.0 | record 0.1 | qsubmit 0.1 | fence-post 11.6 | publish 0.0 ms; withheld 12, stride 1, arrival 46.4 ms
09-08 15:34:05.242  2652 23983 I WiVRn   : [2026-09-08 15:34:05.242] [WiVRn] [info] nxwarp[0] reassembly (network thread): 0.10 ms/frame over 121 frames, buffer 58 kB held for 58 kB of unit (1.0x)
09-08 15:34:05.242  2652 23983 I WiVRn   : [2026-09-08 15:34:05.242] [WiVRn] [info] nxwarp[0] fence-post 11.7 ms = nxvc gpu 11.6 + copy gpu 0.01 + queue -0.0 (over 90 frames with timestamps)
09-08 15:34:05.242  2652 23983 I WiVRn   : [2026-09-08 15:34:05.242] [WiVRn] [info] nxwarp[0]: 4 of 90 frames measured a stall not attributable to decoding (worst wall 61.5 ms); clipped out of the reported decode cost and out of the stride
09-08 15:34:05.242  2652 23983 I WiVRn   : [2026-09-08 15:34:05.242] [WiVRn] [info] nxwarp[0] atlas: frames 90, atlas 90, picture 0, avg dispatches 7.0, avg assembled 0.0, avg valid 2312.0, direct targets 90
09-08 15:34:05.959  2652 23985 I WiVRn   : [2026-09-08 15:34:05.958] [WiVRn] [info] Tracking pattern (11107µs):
09-08 15:34:05.959  2652 23985 I WiVRn   : [2026-09-08 15:34:05.959] [WiVRn] [info] 	t+4763µs HEAD (6343µs)
09-08 15:34:05.959  2652 23985 I WiVRn   : [2026-09-08 15:34:05.959] [WiVRn] [info] 	t+4898µs LEFT_GRIP (6208µs)
09-08 15:34:05.959  2652 23985 I WiVRn   : [2026-09-08 15:34:05.959] [WiVRn] [info] 	t+5015µs RIGHT_GRIP (6091µs)
09-08 15:34:05.959  2652 23985 I WiVRn   : [2026-09-08 15:34:05.959] [WiVRn] [info] 	t+7763µs HEAD (3343µs)
09-08 15:34:05.959  2652 23985 I WiVRn   : [2026-09-08 15:34:05.959] [WiVRn] [info] 	t+7898µs LEFT_GRIP (3208µs)
09-08 15:34:05.959  2652 23985 I WiVRn   : [2026-09-08 15:34:05.959] [WiVRn] [info] 	t+8015µs RIGHT_GRIP (3091µs)
09-08 15:34:06.175  2652 23981 I WiVRn   : [2026-09-08 15:34:06.175] [WiVRn] [info] nxwarp[0] net: 95 frames closed in 2.0 s, 0 with a hole, 0 out-of-order datagrams, 0 frames completed late, 0 queued for the worker, 1138 decoded so far, 1347 stragglers dropped; last hole 101/327 chunks, first missing 24, short false, chunk 1166 B
09-08 15:34:06.175  2652 23981 I WiVRn   : [2026-09-08 15:34:06.175] [WiVRn] [info] nxwarp[0] net: 0.028 ms per datagram over 11351 datagrams (157.25 ms of every second)
09-08 15:34:06.175  2652 23981 I WiVRn   : [2026-09-08 15:34:06.175] [WiVRn] [info] nxwarp[0] sel: stride 1, arrival 11.5 ms, dropped-late 204, withheld 40, decoded 1138
09-08 15:34:06.175  2652 23981 I WiVRn   : [2026-09-08 15:34:06.175] [WiVRn] [info] nxwarp[0] rx: 66830 datagrams, placed 585564 (+104511), late 20761 (+477), stale_frame 0, bad_range 0, bad_dir 0, bad_caps 0, bad_ver 0, auth_fail 0, replay 0, frozen 0, dup 15
09-08 15:34:06.271  2652 23809 I WiVRn   : [2026-09-08 15:34:06.271] [WiVRn] [info] render: 98 iterations in 2.0 s (48.9/s), 97 submitted a layer, 50 new-source, 0 skipped by the repeat gate, 1 with nothing to show; display period 20.5 ms
09-08 15:34:06.271  2652 23809 I WiVRn   : [2026-09-08 15:34:06.271] [WiVRn] [info] render: selected source transitions forward 50 backward 0 repeat 47, greatest forward gap 109
09-08 15:34:06.271  2652 23809 I WiVRn   : [2026-09-08 15:34:06.271] [WiVRn] [info] render: this app's own GPU pass 1.6 ms per iteration
09-08 15:34:06.271  2652 23809 I WiVRn   : [2026-09-08 15:34:06.271] [WiVRn] [info] render: defoveate 2160x2160 per eye x2 = 9.33 Mpx/frame at scale 1.00 atlas-prototype 0; 47 re-presented from the cache (reduce_gpu_load on)
09-08 15:34:06.271  2652 23809 I WiVRn   : [2026-09-08 15:34:06.271] [WiVRn] [info] render: shader path sharpness 0.00 fsr false alpha false motion false blend false glow 0.28 vignette 0.00 deband 1.00 lowpoly 0.00 levels 0 full-kernel false
09-08 15:34:06.271  2652 23809 I WiVRn   : [2026-09-08 15:34:06.271] [WiVRn] [info] render: per iteration fence 2.9 (worst 52.5) | queries 0.0 | submit 0.0 | whole render() 3.3 ms
09-08 15:34:06.271  2652 23809 I WiVRn   : [2026-09-08 15:34:06.271] [WiVRn] [info] render: jit on | wake slack 46.5 ms | slept 1.1 ms mean (max 8.6, 63 of 98 iterations) | budget 32.5 = pass 31.5 + margin 1.0 | sleep cap 11.7 ms
09-08 15:34:06.271  2652 23809 I WiVRn   : [2026-09-08 15:34:06.271] [WiVRn] [info] render: source display-time offset 137.3 ms mean (worst 786.2) over 97 frames | submit lead 42.1 ms mean (worst -3.2) | misses: 0 overrun 0 late 0 skipped refresh
09-08 15:34:06.958  2652 23985 I WiVRn   : [2026-09-08 15:34:06.958] [WiVRn] [info] Tracking pattern (11111µs):
09-08 15:34:06.958  2652 23985 I WiVRn   : [2026-09-08 15:34:06.958] [WiVRn] [info] 	t+4706µs HEAD (6405µs)
09-08 15:34:06.958  2652 23985 I WiVRn   : [2026-09-08 15:34:06.958] [WiVRn] [info] 	t+5075µs LEFT_GRIP (6035µs)
09-08 15:34:06.958  2652 23985 I WiVRn   : [2026-09-08 15:34:06.958] [WiVRn] [info] 	t+5082µs RIGHT_GRIP (6028µs)
09-08 15:34:06.958  2652 23985 I WiVRn   : [2026-09-08 15:34:06.958] [WiVRn] [info] 	t+7706µs HEAD (3405µs)
09-08 15:34:06.958  2652 23985 I WiVRn   : [2026-09-08 15:34:06.958] [WiVRn] [info] 	t+8075µs LEFT_GRIP (3035µs)
09-08 15:34:06.958  2652 23985 I WiVRn   : [2026-09-08 15:34:06.958] [WiVRn] [info] 	t+8082µs RIGHT_GRIP (3028µs)
09-08 15:34:07.244  2652 23983 I WiVRn   : [2026-09-08 15:34:07.243] [WiVRn] [info] nxwarp[0]: 134 frames in 2.0 s: 4175 B/frame, wait-prev 0.0 ms, wall 3.4 ms, nxvc passA 0.8 passB 1.2 gpu 2.0 ms; holes 1, refused 0
09-08 15:34:07.244  2652 23983 I WiVRn   : [2026-09-08 15:34:07.244] [WiVRn] [info] nxwarp[0] gpu duty 132 ms/s (13% of one GPU) for decode alone; the display pass is extra
09-08 15:34:07.244  2652 23983 I WiVRn   : [2026-09-08 15:34:07.244] [WiVRn] [info] nxwarp[0] passB 1.2 ms = warp 0.0 + skip 0.0 + coded 0.8 + dir 0.0 + other 0.4; tiles skip 0 / coded 46 / dir 0 (eye pass 0)
09-08 15:34:07.244  2652 23983 I WiVRn   : [2026-09-08 15:34:07.244] [WiVRn] [info] nxwarp[0]: 204 frames dropped late (queue kept to 1)
09-08 15:34:07.244  2652 23983 I WiVRn   : [2026-09-08 15:34:07.244] [WiVRn] [info] nxwarp[0] stage: gap 11.6 | wait-prev 0.0 | submit 0.5 (qlock 0.0 + codec 0.5) | get_free 0.0 | fence-pre 0.0 | record 0.0 | qsubmit 0.0 | fence-post 2.7 | publish 0.0 ms; withheld 1, stride 1, arrival 11.2 ms
09-08 15:34:07.244  2652 23983 I WiVRn   : [2026-09-08 15:34:07.244] [WiVRn] [info] nxwarp[0] reassembly (network thread): 0.01 ms/frame over 133 frames, buffer 3 kB held for 3 kB of unit (1.0x)
09-08 15:34:07.244  2652 23983 I WiVRn   : [2026-09-08 15:34:07.244] [WiVRn] [info] nxwarp[0] fence-post 2.8 ms = nxvc gpu 2.0 + copy gpu 0.01 + queue 0.8 (over 134 frames with timestamps)
09-08 15:34:07.244  2652 23983 I WiVRn   : [2026-09-08 15:34:07.244] [WiVRn] [info] nxwarp[0] atlas: frames 134, atlas 134, picture 0, avg dispatches 7.0, avg assembled 0.0, avg valid 2312.0, direct targets 134
09-08 15:34:07.958  2652 23985 I WiVRn   : [2026-09-08 15:34:07.958] [WiVRn] [info] Tracking pattern (11111µs):
09-08 15:34:07.958  2652 23985 I WiVRn   : [2026-09-08 15:34:07.958] [WiVRn] [info] 	t+4538µs HEAD (6572µs)
09-08 15:34:07.958  2652 23985 I WiVRn   : [2026-09-08 15:34:07.958] [WiVRn] [info] 	t+4572µs LEFT_GRIP (6538µs)
09-08 15:34:07.958  2652 23985 I WiVRn   : [2026-09-08 15:34:07.958] [WiVRn] [info] 	t+4578µs RIGHT_GRIP (6532µs)
09-08 15:34:07.958  2652 23985 I WiVRn   : [2026-09-08 15:34:07.958] [WiVRn] [info] 	t+7538µs HEAD (3572µs)
09-08 15:34:07.959  2652 23985 I WiVRn   : [2026-09-08 15:34:07.959] [WiVRn] [info] 	t+7572µs LEFT_GRIP (3538µs)
09-08 15:34:07.959  2652 23985 I WiVRn   : [2026-09-08 15:34:07.959] [WiVRn] [info] 	t+7578µs RIGHT_GRIP (3532µs)
09-08 15:34:08.175  2652 23981 I WiVRn   : [2026-09-08 15:34:08.175] [WiVRn] [info] nxwarp[0] net: 180 frames closed in 2.0 s, 0 with a hole, 0 out-of-order datagrams, 0 frames completed late, 0 queued for the worker, 1318 decoded so far, 1527 stragglers dropped; last hole 101/327 chunks, first missing 24, short false, chunk 1166 B
09-08 15:34:08.176  2652 23981 I WiVRn   : [2026-09-08 15:34:08.176] [WiVRn] [info] nxwarp[0] net: 0.032 ms per datagram over 3430 datagrams (54.09 ms of every second)
09-08 15:34:08.176  2652 23981 I WiVRn   : [2026-09-08 15:34:08.176] [WiVRn] [info] nxwarp[0] sel: stride 1, arrival 11.0 ms, dropped-late 204, withheld 40, decoded 1318
09-08 15:34:08.176  2652 23981 I WiVRn   : [2026-09-08 15:34:08.176] [WiVRn] [info] nxwarp[0] rx: 70260 datagrams, placed 588152 (+2588), late 20761 (+0), stale_frame 0, bad_range 0, bad_dir 0, bad_caps 0, bad_ver 0, auth_fail 0, replay 0, frozen 0, dup 15
09-08 15:34:08.273  2652 23809 I WiVRn   : [2026-09-08 15:34:08.273] [WiVRn] [info] render: 179 iterations in 2.0 s (89.4/s), 179 submitted a layer, 178 new-source, 0 skipped by the repeat gate, 0 with nothing to show; display period 11.2 ms
09-08 15:34:08.273  2652 23809 I WiVRn   : [2026-09-08 15:34:08.273] [WiVRn] [info] render: selected source transitions forward 178 backward 0 repeat 1, greatest forward gap 2
09-08 15:34:08.273  2652 23809 I WiVRn   : [2026-09-08 15:34:08.273] [WiVRn] [info] render: this app's own GPU pass 2.7 ms per iteration
09-08 15:34:08.273  2652 23809 I WiVRn   : [2026-09-08 15:34:08.273] [WiVRn] [info] render: defoveate 2160x2160 per eye x2 = 9.33 Mpx/frame at scale 1.00 atlas-prototype 0; 1 re-presented from the cache (reduce_gpu_load on)
09-08 15:34:08.273  2652 23809 I WiVRn   : [2026-09-08 15:34:08.273] [WiVRn] [info] render: shader path sharpness 0.00 fsr false alpha false motion false blend false glow 0.28 vignette 0.00 deband 1.00 lowpoly 0.00 levels 0 full-kernel false
09-08 15:34:08.273  2652 23809 I WiVRn   : [2026-09-08 15:34:08.273] [WiVRn] [info] render: per iteration fence 0.0 (worst 1.6) | queries 0.0 | submit 0.0 | whole render() 0.5 ms
09-08 15:34:08.273  2652 23809 I WiVRn   : [2026-09-08 15:34:08.273] [WiVRn] [info] render: jit on | wake slack 36.9 ms | slept 3.6 ms mean (max 11.7, 179 of 179 iterations) | budget 22.2 = pass 21.2 + margin 1.0 | sleep cap 0.6 ms
09-08 15:34:08.273  2652 23809 I WiVRn   : [2026-09-08 15:34:08.273] [WiVRn] [info] render: source display-time offset 43.4 ms mean (worst 53.0) over 179 frames | submit lead 32.8 ms mean (worst 26.2) | misses: 0 overrun 0 late 1 skipped refresh
09-08 15:34:08.958  2652 23985 I WiVRn   : [2026-09-08 15:34:08.958] [WiVRn] [info] Tracking pattern (11110µs):
09-08 15:34:08.958  2652 23985 I WiVRn   : [2026-09-08 15:34:08.958] [WiVRn] [info] 	t+4930µs HEAD (6179µs)
09-08 15:34:08.959  2652 23985 I WiVRn   : [2026-09-08 15:34:08.959] [WiVRn] [info] 	t+4997µs LEFT_GRIP (6112µs)
09-08 15:34:08.959  2652 23985 I WiVRn   : [2026-09-08 15:34:08.959] [WiVRn] [info] 	t+5012µs RIGHT_GRIP (6097µs)
09-08 15:34:08.959  2652 23985 I WiVRn   : [2026-09-08 15:34:08.959] [WiVRn] [info] 	t+7930µs HEAD (3179µs)
09-08 15:34:08.959  2652 23985 I WiVRn   : [2026-09-08 15:34:08.959] [WiVRn] [info] 	t+7997µs LEFT_GRIP (3112µs)
09-08 15:34:08.959  2652 23985 I WiVRn   : [2026-09-08 15:34:08.959] [WiVRn] [info] 	t+8012µs RIGHT_GRIP (3097µs)
09-08 15:34:09.244  2652 23983 I WiVRn   : [2026-09-08 15:34:09.244] [WiVRn] [info] nxwarp[0]: 180 frames in 2.0 s: 1948 B/frame, wait-prev 0.0 ms, wall 1.9 ms, nxvc passA 0.5 passB 0.4 gpu 0.9 ms; holes 1, refused 0
09-08 15:34:09.244  2652 23983 I WiVRn   : [2026-09-08 15:34:09.244] [WiVRn] [info] nxwarp[0] gpu duty 83 ms/s (8% of one GPU) for decode alone; the display pass is extra
09-08 15:34:09.244  2652 23983 I WiVRn   : [2026-09-08 15:34:09.244] [WiVRn] [info] nxwarp[0] passB 0.4 ms = warp 0.0 + skip 0.0 + coded 0.2 + dir 0.0 + other 0.2; tiles skip 0 / coded 14 / dir 0 (eye pass 0)
09-08 15:34:09.244  2652 23983 I WiVRn   : [2026-09-08 15:34:09.244] [WiVRn] [info] nxwarp[0]: 204 frames dropped late (queue kept to 1)
09-08 15:34:09.244  2652 23983 I WiVRn   : [2026-09-08 15:34:09.244] [WiVRn] [info] nxwarp[0] stage: gap 9.2 | wait-prev 0.0 | submit 0.5 (qlock 0.0 + codec 0.5) | get_free 0.0 | fence-pre 0.0 | record 0.0 | qsubmit 0.0 | fence-post 1.3 | publish 0.0 ms; withheld 0, stride 1, arrival 11.1 ms
09-08 15:34:09.244  2652 23983 I WiVRn   : [2026-09-08 15:34:09.244] [WiVRn] [info] nxwarp[0] reassembly (network thread): 0.01 ms/frame over 180 frames, buffer 2 kB held for 2 kB of unit (1.0x)
09-08 15:34:09.244  2652 23983 I WiVRn   : [2026-09-08 15:34:09.244] [WiVRn] [info] nxwarp[0] fence-post 1.3 ms = nxvc gpu 0.9 + copy gpu 0.01 + queue 0.3 (over 180 frames with timestamps)
09-08 15:34:09.244  2652 23983 I WiVRn   : [2026-09-08 15:34:09.244] [WiVRn] [info] nxwarp[0] atlas: frames 180, atlas 180, picture 0, avg dispatches 7.0, avg assembled 0.0, avg valid 2312.0, direct targets 180
09-08 15:34:09.958  2652 23985 I WiVRn   : [2026-09-08 15:34:09.958] [WiVRn] [info] Tracking pattern (11111µs):
09-08 15:34:09.959  2652 23985 I WiVRn   : [2026-09-08 15:34:09.959] [WiVRn] [info] 	t+4717µs HEAD (6393µs)
09-08 15:34:09.959  2652 23985 I WiVRn   : [2026-09-08 15:34:09.959] [WiVRn] [info] 	t+4789µs LEFT_GRIP (6321µs)
09-08 15:34:09.959  2652 23985 I WiVRn   : [2026-09-08 15:34:09.959] [WiVRn] [info] 	t+4826µs RIGHT_GRIP (6284µs)
09-08 15:34:09.959  2652 23985 I WiVRn   : [2026-09-08 15:34:09.959] [WiVRn] [info] 	t+7717µs HEAD (3393µs)
09-08 15:34:09.959  2652 23985 I WiVRn   : [2026-09-08 15:34:09.959] [WiVRn] [info] 	t+7789µs LEFT_GRIP (3321µs)
09-08 15:34:09.959  2652 23985 I WiVRn   : [2026-09-08 15:34:09.959] [WiVRn] [info] 	t+7826µs RIGHT_GRIP (3284µs)
09-08 15:34:10.187  2652 23981 I WiVRn   : [2026-09-08 15:34:10.187] [WiVRn] [info] nxwarp[0] net: 181 frames closed in 2.0 s, 0 with a hole, 0 out-of-order datagrams, 0 frames completed late, 0 queued for the worker, 1499 decoded so far, 1708 stragglers dropped; last hole 101/327 chunks, first missing 24, short false, chunk 1166 B
09-08 15:34:10.187  2652 23981 I WiVRn   : [2026-09-08 15:34:10.187] [WiVRn] [info] nxwarp[0] net: 0.032 ms per datagram over 3379 datagrams (53.05 ms of every second)
09-08 15:34:10.187  2652 23981 I WiVRn   : [2026-09-08 15:34:10.187] [WiVRn] [info] nxwarp[0] sel: stride 1, arrival 11.2 ms, dropped-late 204, withheld 40, decoded 1499
09-08 15:34:10.187  2652 23981 I WiVRn   : [2026-09-08 15:34:10.187] [WiVRn] [info] nxwarp[0] rx: 73639 datagrams, placed 590681 (+2529), late 20761 (+0), stale_frame 0, bad_range 0, bad_dir 0, bad_caps 0, bad_ver 0, auth_fail 0, replay 0, frozen 0, dup 15
09-08 15:34:10.273  2652 23809 I WiVRn   : [2026-09-08 15:34:10.273] [WiVRn] [info] render: 179 iterations in 2.0 s (89.5/s), 179 submitted a layer, 178 new-source, 0 skipped by the repeat gate, 0 with nothing to show; display period 11.2 ms
09-08 15:34:10.273  2652 23809 I WiVRn   : [2026-09-08 15:34:10.273] [WiVRn] [info] render: selected source transitions forward 178 backward 0 repeat 1, greatest forward gap 2
09-08 15:34:10.273  2652 23809 I WiVRn   : [2026-09-08 15:34:10.273] [WiVRn] [info] render: this app's own GPU pass 3.0 ms per iteration
09-08 15:34:10.273  2652 23809 I WiVRn   : [2026-09-08 15:34:10.273] [WiVRn] [info] render: defoveate 2160x2160 per eye x2 = 9.33 Mpx/frame at scale 1.00 atlas-prototype 0; 1 re-presented from the cache (reduce_gpu_load on)
09-08 15:34:10.273  2652 23809 I WiVRn   : [2026-09-08 15:34:10.273] [WiVRn] [info] render: shader path sharpness 0.00 fsr false alpha false motion false blend false glow 0.28 vignette 0.00 deband 1.00 lowpoly 0.00 levels 0 full-kernel false
09-08 15:34:10.273  2652 23809 I WiVRn   : [2026-09-08 15:34:10.273] [WiVRn] [info] render: per iteration fence 0.0 (worst 1.6) | queries 0.0 | submit 0.0 | whole render() 0.5 ms
09-08 15:34:10.273  2652 23809 I WiVRn   : [2026-09-08 15:34:10.273] [WiVRn] [info] render: jit on | wake slack 31.4 ms | slept 1.1 ms mean (max 11.7, 179 of 179 iterations) | budget 20.5 = pass 19.5 + margin 1.0 | sleep cap 0.6 ms
09-08 15:34:10.273  2652 23809 I WiVRn   : [2026-09-08 15:34:10.273] [WiVRn] [info] render: source display-time offset 41.3 ms mean (worst 42.0) over 179 frames | submit lead 29.8 ms mean (worst 20.2) | misses: 0 overrun 0 late 1 skipped refresh
09-08 15:34:10.959  2652 23985 I WiVRn   : [2026-09-08 15:34:10.959] [WiVRn] [info] Tracking pattern (11110µs):
09-08 15:34:10.959  2652 23985 I WiVRn   : [2026-09-08 15:34:10.959] [WiVRn] [info] 	t+4701µs HEAD (6408µs)
09-08 15:34:10.959  2652 23985 I WiVRn   : [2026-09-08 15:34:10.959] [WiVRn] [info] 	t+4725µs LEFT_GRIP (6385µs)
09-08 15:34:10.959  2652 23985 I WiVRn   : [2026-09-08 15:34:10.959] [WiVRn] [info] 	t+4732µs RIGHT_GRIP (6378µs)
09-08 15:34:10.959  2652 23985 I WiVRn   : [2026-09-08 15:34:10.959] [WiVRn] [info] 	t+7701µs HEAD (3408µs)
09-08 15:34:10.959  2652 23985 I WiVRn   : [2026-09-08 15:34:10.959] [WiVRn] [info] 	t+7725µs LEFT_GRIP (3385µs)
09-08 15:34:10.959  2652 23985 I WiVRn   : [2026-09-08 15:34:10.959] [WiVRn] [info] 	t+7732µs RIGHT_GRIP (3378µs)
09-08 15:34:11.244  2652 23983 I WiVRn   : [2026-09-08 15:34:11.244] [WiVRn] [info] nxwarp[0]: 180 frames in 2.0 s: 1978 B/frame, wait-prev 0.0 ms, wall 2.3 ms, nxvc passA 0.5 passB 0.4 gpu 0.9 ms; holes 1, refused 0
09-08 15:34:11.244  2652 23983 I WiVRn   : [2026-09-08 15:34:11.244] [WiVRn] [info] nxwarp[0] gpu duty 84 ms/s (8% of one GPU) for decode alone; the display pass is extra
09-08 15:34:11.244  2652 23983 I WiVRn   : [2026-09-08 15:34:11.244] [WiVRn] [info] nxwarp[0] passB 0.4 ms = warp 0.0 + skip 0.0 + coded 0.2 + dir 0.0 + other 0.2; tiles skip 0 / coded 14 / dir 0 (eye pass 0)
09-08 15:34:11.244  2652 23983 I WiVRn   : [2026-09-08 15:34:11.244] [WiVRn] [info] nxwarp[0]: 204 frames dropped late (queue kept to 1)
09-08 15:34:11.244  2652 23983 I WiVRn   : [2026-09-08 15:34:11.244] [WiVRn] [info] nxwarp[0] stage: gap 8.8 | wait-prev 0.0 | submit 0.5 (qlock 0.0 + codec 0.5) | get_free 0.0 | fence-pre 0.0 | record 0.0 | qsubmit 0.0 | fence-post 1.7 | publish 0.0 ms; withheld 0, stride 1, arrival 11.1 ms
09-08 15:34:11.244  2652 23983 I WiVRn   : [2026-09-08 15:34:11.244] [WiVRn] [info] nxwarp[0] reassembly (network thread): 0.01 ms/frame over 180 frames, buffer 2 kB held for 2 kB of unit (1.0x)
09-08 15:34:11.244  2652 23983 I WiVRn   : [2026-09-08 15:34:11.244] [WiVRn] [info] nxwarp[0] fence-post 1.7 ms = nxvc gpu 0.9 + copy gpu 0.01 + queue 0.8 (over 180 frames with timestamps)
09-08 15:34:11.244  2652 23983 I WiVRn   : [2026-09-08 15:34:11.244] [WiVRn] [info] nxwarp[0] atlas: frames 180, atlas 180, picture 0, avg dispatches 7.0, avg assembled 0.0, avg valid 2312.0, direct targets 180
09-08 15:34:11.959  2652 23985 I WiVRn   : [2026-09-08 15:34:11.959] [WiVRn] [info] Tracking pattern (11112µs):
09-08 15:34:11.959  2652 23985 I WiVRn   : [2026-09-08 15:34:11.959] [WiVRn] [info] 	t+4624µs HEAD (6488µs)
09-08 15:34:11.959  2652 23985 I WiVRn   : [2026-09-08 15:34:11.959] [WiVRn] [info] 	t+4754µs LEFT_GRIP (6357µs)
09-08 15:34:11.959  2652 23985 I WiVRn   : [2026-09-08 15:34:11.959] [WiVRn] [info] 	t+4795µs RIGHT_GRIP (6316µs)
09-08 15:34:11.959  2652 23985 I WiVRn   : [2026-09-08 15:34:11.959] [WiVRn] [info] 	t+7624µs HEAD (3488µs)
09-08 15:34:11.959  2652 23985 I WiVRn   : [2026-09-08 15:34:11.959] [WiVRn] [info] 	t+7754µs LEFT_GRIP (3357µs)
09-08 15:34:11.959  2652 23985 I WiVRn   : [2026-09-08 15:34:11.959] [WiVRn] [info] 	t+7795µs RIGHT_GRIP (3316µs)
09-08 15:34:12.198  2652 23981 I WiVRn   : [2026-09-08 15:34:12.198] [WiVRn] [info] nxwarp[0] net: 181 frames closed in 2.0 s, 0 with a hole, 0 out-of-order datagrams, 0 frames completed late, 0 queued for the worker, 1680 decoded so far, 1889 stragglers dropped; last hole 101/327 chunks, first missing 24, short false, chunk 1166 B
09-08 15:34:12.198  2652 23981 I WiVRn   : [2026-09-08 15:34:12.198] [WiVRn] [info] nxwarp[0] net: 0.031 ms per datagram over 3438 datagrams (52.20 ms of every second)
09-08 15:34:12.198  2652 23981 I WiVRn   : [2026-09-08 15:34:12.198] [WiVRn] [info] nxwarp[0] sel: stride 1, arrival 11.0 ms, dropped-late 204, withheld 40, decoded 1680
09-08 15:34:12.198  2652 23981 I WiVRn   : [2026-09-08 15:34:12.198] [WiVRn] [info] nxwarp[0] rx: 77077 datagrams, placed 593269 (+2588), late 20761 (+0), stale_frame 0, bad_range 0, bad_dir 0, bad_caps 0, bad_ver 0, auth_fail 0, replay 0, frozen 0, dup 15
09-08 15:34:12.274  2652 23809 I WiVRn   : [2026-09-08 15:34:12.274] [WiVRn] [info] render: 180 iterations in 2.0 s (90.0/s), 180 submitted a layer, 180 new-source, 0 skipped by the repeat gate, 0 with nothing to show; display period 11.1 ms
09-08 15:34:12.274  2652 23809 I WiVRn   : [2026-09-08 15:34:12.274] [WiVRn] [info] render: selected source transitions forward 180 backward 0 repeat 0, greatest forward gap 1
09-08 15:34:12.274  2652 23809 I WiVRn   : [2026-09-08 15:34:12.274] [WiVRn] [info] render: this app's own GPU pass 3.4 ms per iteration
09-08 15:34:12.274  2652 23809 I WiVRn   : [2026-09-08 15:34:12.274] [WiVRn] [info] render: defoveate 2160x2160 per eye x2 = 9.33 Mpx/frame at scale 1.00 atlas-prototype 0; 0 re-presented from the cache (reduce_gpu_load on)
09-08 15:34:12.274  2652 23809 I WiVRn   : [2026-09-08 15:34:12.274] [WiVRn] [info] render: shader path sharpness 0.00 fsr false alpha false motion false blend false glow 0.28 vignette 0.00 deband 1.00 lowpoly 0.00 levels 0 full-kernel false
09-08 15:34:12.274  2652 23809 I WiVRn   : [2026-09-08 15:34:12.274] [WiVRn] [info] render: per iteration fence 0.0 (worst 0.0) | queries 0.0 | submit 0.0 | whole render() 0.5 ms
09-08 15:34:12.274  2652 23809 I WiVRn   : [2026-09-08 15:34:12.274] [WiVRn] [info] render: jit on | wake slack 30.5 ms | slept 0.6 ms mean (max 0.6, 180 of 180 iterations) | budget 18.7 = pass 17.7 + margin 1.0 | sleep cap 0.6 ms
09-08 15:34:12.274  2652 23809 I WiVRn   : [2026-09-08 15:34:12.274] [WiVRn] [info] render: source display-time offset 42.0 ms mean (worst 42.1) over 180 frames | submit lead 29.4 ms mean (worst 28.7) | misses: 0 overrun 0 late 0 skipped refresh
09-08 15:34:12.959  2652 23985 I WiVRn   : [2026-09-08 15:34:12.959] [WiVRn] [info] Tracking pattern (11115µs):
09-08 15:34:12.959  2652 23985 I WiVRn   : [2026-09-08 15:34:12.959] [WiVRn] [info] 	t+4838µs HEAD (6276µs)
09-08 15:34:12.959  2652 23985 I WiVRn   : [2026-09-08 15:34:12.959] [WiVRn] [info] 	t+4877µs LEFT_GRIP (6237µs)
09-08 15:34:12.959  2652 23985 I WiVRn   : [2026-09-08 15:34:12.959] [WiVRn] [info] 	t+4888µs RIGHT_GRIP (6226µs)
09-08 15:34:12.959  2652 23985 I WiVRn   : [2026-09-08 15:34:12.959] [WiVRn] [info] 	t+7838µs HEAD (3276µs)
09-08 15:34:12.959  2652 23985 I WiVRn   : [2026-09-08 15:34:12.959] [WiVRn] [info] 	t+7877µs LEFT_GRIP (3237µs)
09-08 15:34:12.959  2652 23985 I WiVRn   : [2026-09-08 15:34:12.959] [WiVRn] [info] 	t+7888µs RIGHT_GRIP (3226µs)
09-08 15:34:13.244  2652 23983 I WiVRn   : [2026-09-08 15:34:13.244] [WiVRn] [info] nxwarp[0]: 180 frames in 2.0 s: 1923 B/frame, wait-prev 0.0 ms, wall 2.6 ms, nxvc passA 0.5 passB 0.4 gpu 0.9 ms; holes 1, refused 0
09-08 15:34:13.244  2652 23983 I WiVRn   : [2026-09-08 15:34:13.244] [WiVRn] [info] nxwarp[0] gpu duty 81 ms/s (8% of one GPU) for decode alone; the display pass is extra
09-08 15:34:13.244  2652 23983 I WiVRn   : [2026-09-08 15:34:13.244] [WiVRn] [info] nxwarp[0] passB 0.4 ms = warp 0.0 + skip 0.0 + coded 0.2 + dir 0.0 + other 0.2; tiles skip 0 / coded 14 / dir 0 (eye pass 0)
09-08 15:34:13.244  2652 23983 I WiVRn   : [2026-09-08 15:34:13.244] [WiVRn] [info] nxwarp[0]: 204 frames dropped late (queue kept to 1)
09-08 15:34:13.244  2652 23983 I WiVRn   : [2026-09-08 15:34:13.244] [WiVRn] [info] nxwarp[0] stage: gap 8.5 | wait-prev 0.0 | submit 0.6 (qlock 0.0 + codec 0.5) | get_free 0.0 | fence-pre 0.0 | record 0.0 | qsubmit 0.0 | fence-post 1.9 | publish 0.0 ms; withheld 0, stride 1, arrival 11.1 ms
09-08 15:34:13.244  2652 23983 I WiVRn   : [2026-09-08 15:34:13.244] [WiVRn] [info] nxwarp[0] reassembly (network thread): 0.01 ms/frame over 180 frames, buffer 2 kB held for 2 kB of unit (1.0x)
09-08 15:34:13.244  2652 23983 I WiVRn   : [2026-09-08 15:34:13.244] [WiVRn] [info] nxwarp[0] fence-post 2.0 ms = nxvc gpu 0.9 + copy gpu 0.01 + queue 1.0 (over 180 frames with timestamps)
09-08 15:34:13.244  2652 23983 I WiVRn   : [2026-09-08 15:34:13.244] [WiVRn] [info] nxwarp[0] atlas: frames 180, atlas 180, picture 0, avg dispatches 7.0, avg assembled 0.0, avg valid 2312.0, direct targets 180
09-08 15:34:13.959  2652 23985 I WiVRn   : [2026-09-08 15:34:13.959] [WiVRn] [info] Tracking pattern (11111µs):
09-08 15:34:13.959  2652 23985 I WiVRn   : [2026-09-08 15:34:13.959] [WiVRn] [info] 	t+4687µs HEAD (6424µs)
09-08 15:34:13.959  2652 23985 I WiVRn   : [2026-09-08 15:34:13.959] [WiVRn] [info] 	t+4725µs LEFT_GRIP (6386µs)
09-08 15:34:13.959  2652 23985 I WiVRn   : [2026-09-08 15:34:13.959] [WiVRn] [info] 	t+4735µs RIGHT_GRIP (6376µs)
09-08 15:34:13.959  2652 23985 I WiVRn   : [2026-09-08 15:34:13.959] [WiVRn] [info] 	t+7687µs HEAD (3424µs)
09-08 15:34:13.959  2652 23985 I WiVRn   : [2026-09-08 15:34:13.959] [WiVRn] [info] 	t+7725µs LEFT_GRIP (3386µs)
09-08 15:34:13.959  2652 23985 I WiVRn   : [2026-09-08 15:34:13.959] [WiVRn] [info] 	t+7735µs RIGHT_GRIP (3376µs)
09-08 15:34:14.209  2652 23981 I WiVRn   : [2026-09-08 15:34:14.209] [WiVRn] [info] nxwarp[0] net: 181 frames closed in 2.0 s, 0 with a hole, 0 out-of-order datagrams, 0 frames completed late, 0 queued for the worker, 1861 decoded so far, 2070 stragglers dropped; last hole 101/327 chunks, first missing 24, short false, chunk 1166 B
09-08 15:34:14.209  2652 23981 I WiVRn   : [2026-09-08 15:34:14.209] [WiVRn] [info] nxwarp[0] net: 0.031 ms per datagram over 3420 datagrams (52.83 ms of every second)
09-08 15:34:14.209  2652 23981 I WiVRn   : [2026-09-08 15:34:14.209] [WiVRn] [info] nxwarp[0] sel: stride 1, arrival 11.2 ms, dropped-late 204, withheld 40, decoded 1861
09-08 15:34:14.209  2652 23981 I WiVRn   : [2026-09-08 15:34:14.209] [WiVRn] [info] nxwarp[0] rx: 80497 datagrams, placed 595841 (+2572), late 20761 (+0), stale_frame 0, bad_range 0, bad_dir 0, bad_caps 0, bad_ver 0, auth_fail 0, replay 0, frozen 0, dup 15
09-08 15:34:14.274  2652 23809 I WiVRn   : [2026-09-08 15:34:14.274] [WiVRn] [info] render: 179 iterations in 2.0 s (89.5/s), 179 submitted a layer, 178 new-source, 0 skipped by the repeat gate, 0 with nothing to show; display period 11.2 ms
09-08 15:34:14.274  2652 23809 I WiVRn   : [2026-09-08 15:34:14.274] [WiVRn] [info] render: selected source transitions forward 178 backward 0 repeat 1, greatest forward gap 2
09-08 15:34:14.274  2652 23809 I WiVRn   : [2026-09-08 15:34:14.274] [WiVRn] [info] render: this app's own GPU pass 3.3 ms per iteration
09-08 15:34:14.274  2652 23809 I WiVRn   : [2026-09-08 15:34:14.274] [WiVRn] [info] render: defoveate 2160x2160 per eye x2 = 9.33 Mpx/frame at scale 1.00 atlas-prototype 0; 1 re-presented from the cache (reduce_gpu_load on)
09-08 15:34:14.274  2652 23809 I WiVRn   : [2026-09-08 15:34:14.274] [WiVRn] [info] render: shader path sharpness 0.00 fsr false alpha false motion false blend false glow 0.28 vignette 0.00 deband 1.00 lowpoly 0.00 levels 0 full-kernel false
09-08 15:34:14.274  2652 23809 I WiVRn   : [2026-09-08 15:34:14.274] [WiVRn] [info] render: per iteration fence 0.0 (worst 2.7) | queries 0.0 | submit 0.0 | whole render() 0.5 ms
09-08 15:34:14.274  2652 23809 I WiVRn   : [2026-09-08 15:34:14.274] [WiVRn] [info] render: jit on | wake slack 30.6 ms | slept 0.8 ms mean (max 11.7, 179 of 179 iterations) | budget 16.9 = pass 15.9 + margin 1.0 | sleep cap 0.6 ms
09-08 15:34:14.274  2652 23809 I WiVRn   : [2026-09-08 15:34:14.274] [WiVRn] [info] render: source display-time offset 41.8 ms mean (worst 42.2) over 179 frames | submit lead 29.3 ms mean (worst 17.8) | misses: 0 overrun 0 late 1 skipped refresh
09-08 15:34:14.575  2652 23809 I WiVRn   : [2026-09-08 15:34:14.575] [WiVRn] [info] Session state changed at timestamp 0: XR_SESSION_STATE_FOCUSED => XR_SESSION_STATE_VISIBLE
09-08 15:34:14.575  2652 23809 I WiVRn   : [2026-09-08 15:34:14.575] [WiVRn] [info] Session state changed at timestamp 0: XR_SESSION_STATE_VISIBLE => XR_SESSION_STATE_SYNCHRONIZED
09-08 15:34:14.575  2652 23809 I WiVRn   : [2026-09-08 15:34:14.575] [WiVRn] [info] Session state changed at timestamp 0: XR_SESSION_STATE_SYNCHRONIZED => XR_SESSION_STATE_STOPPING
09-08 15:34:14.576  2652 23809 I WiVRn   : [2026-09-08 15:34:14.576] [WiVRn] [info] Session state changed at timestamp 0: XR_SESSION_STATE_STOPPING => XR_SESSION_STATE_IDLE
09-08 15:34:14.982  2652 23985 I WiVRn   : [2026-09-08 15:34:14.982] [WiVRn] [info] Tracking pattern (11109µs):
09-08 15:34:14.982  2652 23985 I WiVRn   : [2026-09-08 15:34:14.982] [WiVRn] [info] 	t+2475µs HEAD (19743µs)
09-08 15:34:14.982  2652 23985 I WiVRn   : [2026-09-08 15:34:14.982] [WiVRn] [info] 	t+5229µs LEFT_GRIP (28098µs)
09-08 15:34:14.982  2652 23985 I WiVRn   : [2026-09-08 15:34:14.982] [WiVRn] [info] 	t+5241µs RIGHT_GRIP (28086µs)
09-08 15:34:14.982  2652 23985 I WiVRn   : [2026-09-08 15:34:14.982] [WiVRn] [info] 	t+7584µs HEAD (25743µs)
09-08 15:34:14.982  2652 23985 I WiVRn   : [2026-09-08 15:34:14.982] [WiVRn] [info] 	t+8229µs LEFT_GRIP (25098µs)
09-08 15:34:14.982  2652 23985 I WiVRn   : [2026-09-08 15:34:14.982] [WiVRn] [info] 	t+8241µs RIGHT_GRIP (25086µs)
09-08 15:34:14.982  2652 23985 I WiVRn   : [2026-09-08 15:34:14.982] [WiVRn] [info] 	t+10584µs HEAD (22743µs)
09-08 15:34:15.261  2652 23983 I WiVRn   : [2026-09-08 15:34:15.261] [WiVRn] [info] nxwarp[0]: 139 frames in 2.0 s: 5486 B/frame, wait-prev 0.0 ms, wall 7.1 ms, nxvc passA 1.3 passB 3.7 gpu 5.0 ms; holes 1, refused 0
09-08 15:34:15.261  2652 23983 I WiVRn   : [2026-09-08 15:34:15.261] [WiVRn] [info] nxwarp[0] gpu duty 343 ms/s (34% of one GPU) for decode alone; the display pass is extra
09-08 15:34:15.261  2652 23983 I WiVRn   : [2026-09-08 15:34:15.261] [WiVRn] [info] nxwarp[0] passB 3.7 ms = warp 0.0 + skip 0.0 + coded 2.9 + dir 0.0 + other 0.8; tiles skip 0 / coded 257 / dir 0 (eye pass 0)
09-08 15:34:15.261  2652 23983 I WiVRn   : [2026-09-08 15:34:15.261] [WiVRn] [info] nxwarp[0]: 224 frames dropped late (queue kept to 1)
09-08 15:34:15.261  2652 23983 I WiVRn   : [2026-09-08 15:34:15.261] [WiVRn] [info] nxwarp[0] stage: gap 7.4 | wait-prev 0.0 | submit 0.8 (qlock 0.0 + codec 0.8) | get_free 0.0 | fence-pre 0.0 | record 0.0 | qsubmit 0.0 | fence-post 6.2 | publish 0.0 ms; withheld 11, stride 1, arrival 29.0 ms
09-08 15:34:15.261  2652 23983 I WiVRn   : [2026-09-08 15:34:15.261] [WiVRn] [info] nxwarp[0] reassembly (network thread): 0.09 ms/frame over 159 frames, buffer 9 kB held for 9 kB of unit (1.0x)
09-08 15:34:15.261  2652 23983 I WiVRn   : [2026-09-08 15:34:15.261] [WiVRn] [info] nxwarp[0] fence-post 6.3 ms = nxvc gpu 5.0 + copy gpu 0.01 + queue 1.2 (over 139 frames with timestamps)
09-08 15:34:15.261  2652 23983 I WiVRn   : [2026-09-08 15:34:15.261] [WiVRn] [info] nxwarp[0]: 3 of 139 frames measured a stall not attributable to decoding (worst wall 39.7 ms); clipped out of the reported decode cost and out of the stride
09-08 15:34:15.261  2652 23983 I WiVRn   : [2026-09-08 15:34:15.261] [WiVRn] [info] nxwarp[0] atlas: frames 139, atlas 139, picture 0, avg dispatches 7.0, avg assembled 0.0, avg valid 2312.0, direct targets 139
09-08 15:34:15.963  2652 23985 I WiVRn   : [2026-09-08 15:34:15.963] [WiVRn] [info] Tracking pattern (11109µs):
09-08 15:34:15.963  2652 23985 I WiVRn   : [2026-09-08 15:34:15.963] [WiVRn] [info] 	t+1761µs HEAD (31566µs)
09-08 15:34:15.963  2652 23985 I WiVRn   : [2026-09-08 15:34:15.963] [WiVRn] [info] 	t+4761µs HEAD (28566µs)
09-08 15:34:16.225  2652 23981 I WiVRn   : [2026-09-08 15:34:16.225] [WiVRn] [info] nxwarp[0] net: 142 frames closed in 2.0 s, 0 with a hole, 0 out-of-order datagrams, 0 frames completed late, 0 queued for the worker, 1983 decoded so far, 2212 stragglers dropped; last hole 101/327 chunks, first missing 24, short false, chunk 1166 B
09-08 15:34:16.225  2652 23981 I WiVRn   : [2026-09-08 15:34:16.225] [WiVRn] [info] nxwarp[0] net: 0.082 ms per datagram over 5479 datagrams (223.81 ms of every second)
09-08 15:34:16.225  2652 23981 I WiVRn   : [2026-09-08 15:34:16.225] [WiVRn] [info] nxwarp[0] sel: stride 1, arrival 10.9 ms, dropped-late 224, withheld 51, decoded 1983
09-08 15:34:16.225  2652 23981 I WiVRn   : [2026-09-08 15:34:16.225] [WiVRn] [info] nxwarp[0] rx: 85976 datagrams, placed 673328 (+77487), late 25360 (+4599), stale_frame 0, bad_range 0, bad_dir 0, bad_caps 0, bad_ver 0, auth_fail 0, replay 0, frozen 0, dup 19
09-08 15:34:16.505  2652 23809 I WiVRn   : [2026-09-08 15:34:16.505] [WiVRn] [info] Session state changed at timestamp 0: XR_SESSION_STATE_IDLE => XR_SESSION_STATE_READY
09-08 15:34:16.507  2652 23809 I WiVRn   : [2026-09-08 15:34:16.507] [WiVRn] [info] Received event type XR_TYPE_EVENT_DATA_USER_PRESENCE_CHANGED_EXT
09-08 15:34:16.509  2652 23809 I WiVRn   : [2026-09-08 15:34:16.509] [WiVRn] [info] Session state changed at timestamp 0: XR_SESSION_STATE_READY => XR_SESSION_STATE_SYNCHRONIZED
09-08 15:34:16.509  2652 23809 I WiVRn   : [2026-09-08 15:34:16.509] [WiVRn] [info] Session state changed at timestamp 0: XR_SESSION_STATE_SYNCHRONIZED => XR_SESSION_STATE_VISIBLE
09-08 15:34:16.509  2652 23809 I WiVRn   : [2026-09-08 15:34:16.509] [WiVRn] [info] Session state changed at timestamp 0: XR_SESSION_STATE_VISIBLE => XR_SESSION_STATE_FOCUSED
09-08 15:34:16.536  2652 23985 I WiVRn   : [2026-09-08 15:34:16.536] [WiVRn] [info] Tracking pattern (11110µs):
09-08 15:34:16.536  2652 23985 I WiVRn   : [2026-09-08 15:34:16.536] [WiVRn] [info] 	t+1764µs HEAD (31566µs)
09-08 15:34:16.536  2652 23985 I WiVRn   : [2026-09-08 15:34:16.536] [WiVRn] [info] 	t+4764µs HEAD (28566µs)
09-08 15:34:16.536  2652 23985 I WiVRn   : [2026-09-08 15:34:16.536] [WiVRn] [info] 	t+8677µs LEFT_GRIP (2433µs)
09-08 15:34:16.967  2652 23985 I WiVRn   : [2026-09-08 15:34:16.967] [WiVRn] [info] Tracking pattern (11111µs):
09-08 15:34:16.967  2652 23985 I WiVRn   : [2026-09-08 15:34:16.967] [WiVRn] [info] 	t+4611µs LEFT_GRIP (6499µs)
09-08 15:34:16.967  2652 23985 I WiVRn   : [2026-09-08 15:34:16.967] [WiVRn] [info] 	t+4618µs RIGHT_GRIP (6492µs)
09-08 15:34:16.967  2652 23985 I WiVRn   : [2026-09-08 15:34:16.967] [WiVRn] [info] 	t+5111µs HEAD (6000µs)
09-08 15:34:16.967  2652 23985 I WiVRn   : [2026-09-08 15:34:16.967] [WiVRn] [info] 	t+7611µs LEFT_GRIP (3499µs)
09-08 15:34:16.967  2652 23985 I WiVRn   : [2026-09-08 15:34:16.967] [WiVRn] [info] 	t+7618µs RIGHT_GRIP (3492µs)
09-08 15:34:16.967  2652 23985 I WiVRn   : [2026-09-08 15:34:16.967] [WiVRn] [info] 	t+8111µs HEAD (3000µs)
09-08 15:34:16.967  2652 23985 I WiVRn   : [2026-09-08 15:34:16.967] [WiVRn] [info] 	t+11111µs HEAD (0µs)
09-08 15:34:17.305  2652 23983 I WiVRn   : [2026-09-08 15:34:17.305] [WiVRn] [info] nxwarp[0]: 109 frames in 2.0 s: 18611 B/frame, wait-prev 0.0 ms, wall 8.9 ms, nxvc passA 2.4 passB 5.2 gpu 7.6 ms; holes 1, refused 0
09-08 15:34:17.305  2652 23983 I WiVRn   : [2026-09-08 15:34:17.305] [WiVRn] [info] nxwarp[0] gpu duty 405 ms/s (41% of one GPU) for decode alone; the display pass is extra
09-08 15:34:17.305  2652 23983 I WiVRn   : [2026-09-08 15:34:17.305] [WiVRn] [info] nxwarp[0] passB 5.2 ms = warp 0.0 + skip 0.0 + coded 4.3 + dir 0.0 + other 0.8; tiles skip 0 / coded 266 / dir 0 (eye pass 0)
09-08 15:34:17.305  2652 23983 I WiVRn   : [2026-09-08 15:34:17.305] [WiVRn] [info] nxwarp[0]: 256 frames dropped late (queue kept to 1)
09-08 15:34:17.305  2652 23983 I WiVRn   : [2026-09-08 15:34:17.305] [WiVRn] [info] nxwarp[0] stage: gap 9.8 | wait-prev 0.0 | submit 1.2 (qlock 0.0 + codec 1.1) | get_free 0.0 | fence-pre 0.0 | record 0.1 | qsubmit 0.0 | fence-post 7.6 | publish 0.0 ms; withheld 12, stride 1, arrival 35.8 ms
09-08 15:34:17.305  2652 23983 I WiVRn   : [2026-09-08 15:34:17.305] [WiVRn] [info] nxwarp[0] reassembly (network thread): 0.09 ms/frame over 142 frames, buffer 44 kB held for 44 kB of unit (1.0x)
09-08 15:34:17.305  2652 23983 I WiVRn   : [2026-09-08 15:34:17.305] [WiVRn] [info] nxwarp[0] fence-post 7.7 ms = nxvc gpu 7.6 + copy gpu 0.01 + queue 0.0 (over 109 frames with timestamps)
09-08 15:34:17.305  2652 23983 I WiVRn   : [2026-09-08 15:34:17.305] [WiVRn] [info] nxwarp[0]: 4 of 109 frames measured a stall not attributable to decoding (worst wall 60.3 ms); clipped out of the reported decode cost and out of the stride
09-08 15:34:17.305  2652 23983 I WiVRn   : [2026-09-08 15:34:17.305] [WiVRn] [info] nxwarp[0] atlas: frames 109, atlas 109, picture 0, avg dispatches 7.0, avg assembled 0.0, avg valid 2312.0, direct targets 109
09-08 15:34:17.967  2652 23985 I WiVRn   : [2026-09-08 15:34:17.967] [WiVRn] [info] Tracking pattern (11110µs):
09-08 15:34:17.967  2652 23985 I WiVRn   : [2026-09-08 15:34:17.967] [WiVRn] [info] 	t+4685µs HEAD (6425µs)
09-08 15:34:17.967  2652 23985 I WiVRn   : [2026-09-08 15:34:17.967] [WiVRn] [info] 	t+4732µs LEFT_GRIP (6378µs)
09-08 15:34:17.967  2652 23985 I WiVRn   : [2026-09-08 15:34:17.967] [WiVRn] [info] 	t+4756µs RIGHT_GRIP (6354µs)
09-08 15:34:17.967  2652 23985 I WiVRn   : [2026-09-08 15:34:17.967] [WiVRn] [info] 	t+7685µs HEAD (3425µs)
09-08 15:34:17.967  2652 23985 I WiVRn   : [2026-09-08 15:34:17.967] [WiVRn] [info] 	t+7732µs LEFT_GRIP (3378µs)
09-08 15:34:17.967  2652 23985 I WiVRn   : [2026-09-08 15:34:17.967] [WiVRn] [info] 	t+7756µs RIGHT_GRIP (3354µs)
